[     243ms] [INFO] %cDownload the React DevTools for a better development experience: https://react.dev/link/react-devtools font-weight:bold @ http://localhost:5173/node_modules/.vite/deps/chunk-5NZOIHK5.js?v=b98b393d:19834
[    5713ms] [WARNING] THREE.Clock: This module has been deprecated. Please use THREE.Timer instead. @ http://localhost:5173/node_modules/.vite/deps/chunk-BT6PJYSG.js?v=b98b393d:746
[  155461ms] [WARNING] THREE.Clock: This module has been deprecated. Please use THREE.Timer instead. @ http://localhost:5173/node_modules/.vite/deps/chunk-BT6PJYSG.js?v=b98b393d:746
[  191939ms] [LOG] THREE.WebGLRenderer: Context Lost. @ http://localhost:5173/node_modules/.vite/deps/chunk-BT6PJYSG.js?v=b98b393d:721
[  365035ms] [LOG] [vite] server connection lost. Polling for restart... @ http://localhost:5173/@vite/client:963
[  367387ms] [ERROR] WebSocket connection to 'ws://localhost:5173/' failed: Error in connection establishment: net::ERR_CONNECTION_REFUSED @ http://localhost:5173/@vite/client:1034
[  370732ms] [ERROR] WebSocket connection to 'ws://localhost:5173/' failed: Error in connection establishment: net::ERR_CONNECTION_REFUSED @ http://localhost:5173/@vite/client:1034
[  374068ms] [ERROR] WebSocket connection to 'ws://localhost:5173/' failed: Error in connection establishment: net::ERR_CONNECTION_REFUSED @ http://localhost:5173/@vite/client:1034
[  377429ms] [ERROR] WebSocket connection to 'ws://localhost:5173/' failed: Error in connection establishment: net::ERR_CONNECTION_REFUSED @ http://localhost:5173/@vite/client:1034
[  380777ms] [ERROR] WebSocket connection to 'ws://localhost:5173/' failed: Error in connection establishment: net::ERR_CONNECTION_REFUSED @ http://localhost:5173/@vite/client:1034
[  384127ms] [ERROR] WebSocket connection to 'ws://localhost:5173/' failed: Error in connection establishment: net::ERR_CONNECTION_REFUSED @ http://localhost:5173/@vite/client:1034
[  387490ms] [ERROR] WebSocket connection to 'ws://localhost:5173/' failed: Error in connection establishment: net::ERR_CONNECTION_REFUSED @ http://localhost:5173/@vite/client:1034
[  390838ms] [ERROR] WebSocket connection to 'ws://localhost:5173/' failed: Error in connection establishment: net::ERR_CONNECTION_REFUSED @ http://localhost:5173/@vite/client:1034
[  394205ms] [ERROR] WebSocket connection to 'ws://localhost:5173/' failed: Error in connection establishment: net::ERR_CONNECTION_REFUSED @ http://localhost:5173/@vite/client:1034
[  397584ms] [ERROR] WebSocket connection to 'ws://localhost:5173/' failed: Error in connection establishment: net::ERR_CONNECTION_REFUSED @ http://localhost:5173/@vite/client:1034
[  400981ms] [ERROR] WebSocket connection to 'ws://localhost:5173/' failed: Error in connection establishment: net::ERR_CONNECTION_REFUSED @ http://localhost:5173/@vite/client:1034
[  404447ms] [ERROR] WebSocket connection to 'ws://localhost:5173/' failed: Error in connection establishment: net::ERR_CONNECTION_REFUSED @ http://localhost:5173/@vite/client:1034
[  407943ms] [ERROR] WebSocket connection to 'ws://localhost:5173/' failed: Error in connection establishment: net::ERR_CONNECTION_REFUSED @ http://localhost:5173/@vite/client:1034
[  411701ms] [ERROR] WebSocket connection to 'ws://localhost:5173/' failed: Error in connection establishment: net::ERR_CONNECTION_REFUSED @ http://localhost:5173/@vite/client:1034
[  415677ms] [ERROR] WebSocket connection to 'ws://localhost:5173/' failed: Error in connection establishment: net::ERR_CONNECTION_REFUSED @ http://localhost:5173/@vite/client:1034
[  421301ms] [ERROR] WebSocket connection to 'ws://localhost:5173/' failed: Error in connection establishment: net::ERR_CONNECTION_REFUSED @ http://localhost:5173/@vite/client:1034
[  426314ms] [ERROR] WebSocket connection to 'ws://localhost:5173/' failed: Error in connection establishment: net::ERR_CONNECTION_REFUSED @ http://localhost:5173/@vite/client:1034
[  431114ms] [ERROR] WebSocket connection to 'ws://localhost:5173/' failed: Error in connection establishment: net::ERR_CONNECTION_REFUSED @ http://localhost:5173/@vite/client:1034
[  436857ms] [ERROR] WebSocket connection to 'ws://localhost:5173/' failed: Error in connection establishment: net::ERR_CONNECTION_REFUSED @ http://localhost:5173/@vite/client:1034
[  441637ms] [ERROR] WebSocket connection to 'ws://localhost:5173/' failed: Error in connection establishment: net::ERR_CONNECTION_REFUSED @ http://localhost:5173/@vite/client:1034
[  449583ms] [ERROR] WebSocket connection to 'ws://localhost:5173/' failed: Error in connection establishment: net::ERR_CONNECTION_REFUSED @ http://localhost:5173/@vite/client:1034
[  454501ms] [ERROR] WebSocket connection to 'ws://localhost:5173/' failed: Error in connection establishment: net::ERR_CONNECTION_REFUSED @ http://localhost:5173/@vite/client:1034
[  459509ms] [ERROR] WebSocket connection to 'ws://localhost:5173/' failed: Error in connection establishment: net::ERR_CONNECTION_REFUSED @ http://localhost:5173/@vite/client:1034
[  464109ms] [ERROR] WebSocket connection to 'ws://localhost:5173/' failed: Error in connection establishment: net::ERR_CONNECTION_REFUSED @ http://localhost:5173/@vite/client:1034
[  469552ms] [ERROR] WebSocket connection to 'ws://localhost:5173/' failed: Error in connection establishment: net::ERR_CONNECTION_REFUSED @ http://localhost:5173/@vite/client:1034
[  476281ms] [ERROR] WebSocket connection to 'ws://localhost:5173/' failed: Error in connection establishment: net::ERR_CONNECTION_REFUSED @ http://localhost:5173/@vite/client:1034
[  481660ms] [ERROR] WebSocket connection to 'ws://localhost:5173/' failed: Error in connection establishment: net::ERR_CONNECTION_REFUSED @ http://localhost:5173/@vite/client:1034
[  487311ms] [ERROR] WebSocket connection to 'ws://localhost:5173/' failed: Error in connection establishment: net::ERR_CONNECTION_REFUSED @ http://localhost:5173/@vite/client:1034
[  495637ms] [ERROR] WebSocket connection to 'ws://localhost:5173/' failed: Error in connection establishment: net::ERR_CONNECTION_REFUSED @ http://localhost:5173/@vite/client:1034
[  500300ms] [ERROR] WebSocket connection to 'ws://localhost:5173/' failed: Error in connection establishment: net::ERR_CONNECTION_REFUSED @ http://localhost:5173/@vite/client:1034
[  507131ms] [ERROR] WebSocket connection to 'ws://localhost:5173/' failed: Error in connection establishment: net::ERR_CONNECTION_REFUSED @ http://localhost:5173/@vite/client:1034
[  512702ms] [ERROR] WebSocket connection to 'ws://localhost:5173/' failed: Error in connection establishment: net::ERR_CONNECTION_REFUSED @ http://localhost:5173/@vite/client:1034
[  519664ms] [ERROR] WebSocket connection to 'ws://localhost:5173/' failed: Error in connection establishment: net::ERR_CONNECTION_REFUSED @ http://localhost:5173/@vite/client:1034
[  525782ms] [ERROR] WebSocket connection to 'ws://localhost:5173/' failed: Error in connection establishment: net::ERR_CONNECTION_REFUSED @ http://localhost:5173/@vite/client:1034
[  532860ms] [ERROR] WebSocket connection to 'ws://localhost:5173/' failed: Error in connection establishment: net::ERR_CONNECTION_REFUSED @ http://localhost:5173/@vite/client:1034
[  538924ms] [ERROR] WebSocket connection to 'ws://localhost:5173/' failed: Error in connection establishment: net::ERR_CONNECTION_REFUSED @ http://localhost:5173/@vite/client:1034
[  545496ms] [ERROR] WebSocket connection to 'ws://localhost:5173/' failed: Error in connection establishment: net::ERR_CONNECTION_REFUSED @ http://localhost:5173/@vite/client:1034
[  552266ms] [ERROR] WebSocket connection to 'ws://localhost:5173/' failed: Error in connection establishment: net::ERR_CONNECTION_REFUSED @ http://localhost:5173/@vite/client:1034
[  559692ms] [ERROR] WebSocket connection to 'ws://localhost:5173/' failed: Error in connection establishment: net::ERR_CONNECTION_REFUSED @ http://localhost:5173/@vite/client:1034
[  565972ms] [ERROR] WebSocket connection to 'ws://localhost:5173/' failed: Error in connection establishment: net::ERR_CONNECTION_REFUSED @ http://localhost:5173/@vite/client:1034
[  570718ms] [ERROR] WebSocket connection to 'ws://localhost:5173/' failed: Error in connection establishment: net::ERR_CONNECTION_REFUSED @ http://localhost:5173/@vite/client:1034
[  577952ms] [ERROR] WebSocket connection to 'ws://localhost:5173/' failed: Error in connection establishment: net::ERR_CONNECTION_REFUSED @ http://localhost:5173/@vite/client:1034
[  583640ms] [ERROR] WebSocket connection to 'ws://localhost:5173/' failed: Error in connection establishment: net::ERR_CONNECTION_REFUSED @ http://localhost:5173/@vite/client:1034
[  589272ms] [ERROR] WebSocket connection to 'ws://localhost:5173/' failed: Error in connection establishment: net::ERR_CONNECTION_REFUSED @ http://localhost:5173/@vite/client:1034
[  597585ms] [ERROR] WebSocket connection to 'ws://localhost:5173/' failed: Error in connection establishment: net::ERR_CONNECTION_REFUSED @ http://localhost:5173/@vite/client:1034
[  605744ms] [ERROR] WebSocket connection to 'ws://localhost:5173/' failed: Error in connection establishment: net::ERR_CONNECTION_REFUSED @ http://localhost:5173/@vite/client:1034
[  610741ms] [ERROR] WebSocket connection to 'ws://localhost:5173/' failed: Error in connection establishment: net::ERR_CONNECTION_REFUSED @ http://localhost:5173/@vite/client:1034
[  615562ms] [ERROR] WebSocket connection to 'ws://localhost:5173/' failed: Error in connection establishment: net::ERR_CONNECTION_REFUSED @ http://localhost:5173/@vite/client:1034
[  620926ms] [ERROR] WebSocket connection to 'ws://localhost:5173/' failed: Error in connection establishment: net::ERR_CONNECTION_REFUSED @ http://localhost:5173/@vite/client:1034
[  626849ms] [ERROR] WebSocket connection to 'ws://localhost:5173/' failed: Error in connection establishment: net::ERR_CONNECTION_REFUSED @ http://localhost:5173/@vite/client:1034
[  632630ms] [ERROR] WebSocket connection to 'ws://localhost:5173/' failed: Error in connection establishment: net::ERR_CONNECTION_REFUSED @ http://localhost:5173/@vite/client:1034
[  637329ms] [ERROR] WebSocket connection to 'ws://localhost:5173/' failed: Error in connection establishment: net::ERR_CONNECTION_REFUSED @ http://localhost:5173/@vite/client:1034
[  644803ms] [ERROR] WebSocket connection to 'ws://localhost:5173/' failed: Error in connection establishment: net::ERR_CONNECTION_REFUSED @ http://localhost:5173/@vite/client:1034
[  651296ms] [ERROR] WebSocket connection to 'ws://localhost:5173/' failed: Error in connection establishment: net::ERR_CONNECTION_REFUSED @ http://localhost:5173/@vite/client:1034
[  659309ms] [ERROR] WebSocket connection to 'ws://localhost:5173/' failed: Error in connection establishment: net::ERR_CONNECTION_REFUSED @ http://localhost:5173/@vite/client:1034
[  663725ms] [ERROR] WebSocket connection to 'ws://localhost:5173/' failed: Error in connection establishment: net::ERR_CONNECTION_REFUSED @ http://localhost:5173/@vite/client:1034
[  669785ms] [ERROR] WebSocket connection to 'ws://localhost:5173/' failed: Error in connection establishment: net::ERR_CONNECTION_REFUSED @ http://localhost:5173/@vite/client:1034
[  676098ms] [ERROR] WebSocket connection to 'ws://localhost:5173/' failed: Error in connection establishment: net::ERR_CONNECTION_REFUSED @ http://localhost:5173/@vite/client:1034
[  683875ms] [ERROR] WebSocket connection to 'ws://localhost:5173/' failed: Error in connection establishment: net::ERR_CONNECTION_REFUSED @ http://localhost:5173/@vite/client:1034
[  690343ms] [ERROR] WebSocket connection to 'ws://localhost:5173/' failed: Error in connection establishment: net::ERR_CONNECTION_REFUSED @ http://localhost:5173/@vite/client:1034
[  695902ms] [ERROR] WebSocket connection to 'ws://localhost:5173/' failed: Error in connection establishment: net::ERR_CONNECTION_REFUSED @ http://localhost:5173/@vite/client:1034
[  701066ms] [ERROR] WebSocket connection to 'ws://localhost:5173/' failed: Error in connection establishment: net::ERR_CONNECTION_REFUSED @ http://localhost:5173/@vite/client:1034
[  706263ms] [ERROR] WebSocket connection to 'ws://localhost:5173/' failed: Error in connection establishment: net::ERR_CONNECTION_REFUSED @ http://localhost:5173/@vite/client:1034
[  714368ms] [ERROR] WebSocket connection to 'ws://localhost:5173/' failed: Error in connection establishment: net::ERR_CONNECTION_REFUSED @ http://localhost:5173/@vite/client:1034
[  721468ms] [ERROR] WebSocket connection to 'ws://localhost:5173/' failed: Error in connection establishment: net::ERR_CONNECTION_REFUSED @ http://localhost:5173/@vite/client:1034
[  727998ms] [ERROR] WebSocket connection to 'ws://localhost:5173/' failed: Error in connection establishment: net::ERR_CONNECTION_REFUSED @ http://localhost:5173/@vite/client:1034
[  735577ms] [ERROR] WebSocket connection to 'ws://localhost:5173/' failed: Error in connection establishment: net::ERR_CONNECTION_REFUSED @ http://localhost:5173/@vite/client:1034
[  742968ms] [ERROR] WebSocket connection to 'ws://localhost:5173/' failed: Error in connection establishment: net::ERR_CONNECTION_REFUSED @ http://localhost:5173/@vite/client:1034
[  749665ms] [ERROR] WebSocket connection to 'ws://localhost:5173/' failed: Error in connection establishment: net::ERR_CONNECTION_REFUSED @ http://localhost:5173/@vite/client:1034
[  755246ms] [ERROR] WebSocket connection to 'ws://localhost:5173/' failed: Error in connection establishment: net::ERR_CONNECTION_REFUSED @ http://localhost:5173/@vite/client:1034
[  761059ms] [ERROR] WebSocket connection to 'ws://localhost:5173/' failed: Error in connection establishment: net::ERR_CONNECTION_REFUSED @ http://localhost:5173/@vite/client:1034
[  765439ms] [ERROR] WebSocket connection to 'ws://localhost:5173/' failed: Error in connection establishment: net::ERR_CONNECTION_REFUSED @ http://localhost:5173/@vite/client:1034
[  771287ms] [ERROR] WebSocket connection to 'ws://localhost:5173/' failed: Error in connection establishment: net::ERR_CONNECTION_REFUSED @ http://localhost:5173/@vite/client:1034
[  775781ms] [ERROR] WebSocket connection to 'ws://localhost:5173/' failed: Error in connection establishment: net::ERR_CONNECTION_REFUSED @ http://localhost:5173/@vite/client:1034
[  782710ms] [ERROR] WebSocket connection to 'ws://localhost:5173/' failed: Error in connection establishment: net::ERR_CONNECTION_REFUSED @ http://localhost:5173/@vite/client:1034
[  789090ms] [ERROR] WebSocket connection to 'ws://localhost:5173/' failed: Error in connection establishment: net::ERR_CONNECTION_REFUSED @ http://localhost:5173/@vite/client:1034
[  794001ms] [ERROR] WebSocket connection to 'ws://localhost:5173/' failed: Error in connection establishment: net::ERR_CONNECTION_REFUSED @ http://localhost:5173/@vite/client:1034
[  800601ms] [ERROR] WebSocket connection to 'ws://localhost:5173/' failed: Error in connection establishment: net::ERR_CONNECTION_REFUSED @ http://localhost:5173/@vite/client:1034
[  808110ms] [ERROR] WebSocket connection to 'ws://localhost:5173/' failed: Error in connection establishment: net::ERR_CONNECTION_REFUSED @ http://localhost:5173/@vite/client:1034
[  814423ms] [ERROR] WebSocket connection to 'ws://localhost:5173/' failed: Error in connection establishment: net::ERR_CONNECTION_REFUSED @ http://localhost:5173/@vite/client:1034
[  820752ms] [ERROR] WebSocket connection to 'ws://localhost:5173/' failed: Error in connection establishment: net::ERR_CONNECTION_REFUSED @ http://localhost:5173/@vite/client:1034
[  828697ms] [ERROR] WebSocket connection to 'ws://localhost:5173/' failed: Error in connection establishment: net::ERR_CONNECTION_REFUSED @ http://localhost:5173/@vite/client:1034
[  835593ms] [ERROR] WebSocket connection to 'ws://localhost:5173/' failed: Error in connection establishment: net::ERR_CONNECTION_REFUSED @ http://localhost:5173/@vite/client:1034
[  842437ms] [ERROR] WebSocket connection to 'ws://localhost:5173/' failed: Error in connection establishment: net::ERR_CONNECTION_REFUSED @ http://localhost:5173/@vite/client:1034
[  849384ms] [ERROR] WebSocket connection to 'ws://localhost:5173/' failed: Error in connection establishment: net::ERR_CONNECTION_REFUSED @ http://localhost:5173/@vite/client:1034
[  855746ms] [ERROR] WebSocket connection to 'ws://localhost:5173/' failed: Error in connection establishment: net::ERR_CONNECTION_REFUSED @ http://localhost:5173/@vite/client:1034
[  863360ms] [ERROR] WebSocket connection to 'ws://localhost:5173/' failed: Error in connection establishment: net::ERR_CONNECTION_REFUSED @ http://localhost:5173/@vite/client:1034
[  871619ms] [ERROR] WebSocket connection to 'ws://localhost:5173/' failed: Error in connection establishment: net::ERR_CONNECTION_REFUSED @ http://localhost:5173/@vite/client:1034
[  877748ms] [ERROR] WebSocket connection to 'ws://localhost:5173/' failed: Error in connection establishment: net::ERR_CONNECTION_REFUSED @ http://localhost:5173/@vite/client:1034
[  882911ms] [ERROR] WebSocket connection to 'ws://localhost:5173/' failed: Error in connection establishment: net::ERR_CONNECTION_REFUSED @ http://localhost:5173/@vite/client:1034
[  889289ms] [ERROR] WebSocket connection to 'ws://localhost:5173/' failed: Error in connection establishment: net::ERR_CONNECTION_REFUSED @ http://localhost:5173/@vite/client:1034
[  895186ms] [ERROR] WebSocket connection to 'ws://localhost:5173/' failed: Error in connection establishment: net::ERR_CONNECTION_REFUSED @ http://localhost:5173/@vite/client:1034
[  903449ms] [ERROR] WebSocket connection to 'ws://localhost:5173/' failed: Error in connection establishment: net::ERR_CONNECTION_REFUSED @ http://localhost:5173/@vite/client:1034
[  909543ms] [ERROR] WebSocket connection to 'ws://localhost:5173/' failed: Error in connection establishment: net::ERR_CONNECTION_REFUSED @ http://localhost:5173/@vite/client:1034
[  917704ms] [ERROR] WebSocket connection to 'ws://localhost:5173/' failed: Error in connection establishment: net::ERR_CONNECTION_REFUSED @ http://localhost:5173/@vite/client:1034
[  924400ms] [ERROR] WebSocket connection to 'ws://localhost:5173/' failed: Error in connection establishment: net::ERR_CONNECTION_REFUSED @ http://localhost:5173/@vite/client:1034
[  932327ms] [ERROR] WebSocket connection to 'ws://localhost:5173/' failed: Error in connection establishment: net::ERR_CONNECTION_REFUSED @ http://localhost:5173/@vite/client:1034
[  939871ms] [ERROR] WebSocket connection to 'ws://localhost:5173/' failed: Error in connection establishment: net::ERR_CONNECTION_REFUSED @ http://localhost:5173/@vite/client:1034
[  947850ms] [ERROR] WebSocket connection to 'ws://localhost:5173/' failed: Error in connection establishment: net::ERR_CONNECTION_REFUSED @ http://localhost:5173/@vite/client:1034
[  953822ms] [ERROR] WebSocket connection to 'ws://localhost:5173/' failed: Error in connection establishment: net::ERR_CONNECTION_REFUSED @ http://localhost:5173/@vite/client:1034
[  961077ms] [ERROR] WebSocket connection to 'ws://localhost:5173/' failed: Error in connection establishment: net::ERR_CONNECTION_REFUSED @ http://localhost:5173/@vite/client:1034
[  966055ms] [ERROR] WebSocket connection to 'ws://localhost:5173/' failed: Error in connection establishment: net::ERR_CONNECTION_REFUSED @ http://localhost:5173/@vite/client:1034
[  971535ms] [ERROR] WebSocket connection to 'ws://localhost:5173/' failed: Error in connection establishment: net::ERR_CONNECTION_REFUSED @ http://localhost:5173/@vite/client:1034
[  977830ms] [ERROR] WebSocket connection to 'ws://localhost:5173/' failed: Error in connection establishment: net::ERR_CONNECTION_REFUSED @ http://localhost:5173/@vite/client:1034
[  982478ms] [ERROR] WebSocket connection to 'ws://localhost:5173/' failed: Error in connection establishment: net::ERR_CONNECTION_REFUSED @ http://localhost:5173/@vite/client:1034
[  987546ms] [ERROR] WebSocket connection to 'ws://localhost:5173/' failed: Error in connection establishment: net::ERR_CONNECTION_REFUSED @ http://localhost:5173/@vite/client:1034
[  994320ms] [ERROR] WebSocket connection to 'ws://localhost:5173/' failed: Error in connection establishment: net::ERR_CONNECTION_REFUSED @ http://localhost:5173/@vite/client:1034
[ 1002032ms] [ERROR] WebSocket connection to 'ws://localhost:5173/' failed: Error in connection establishment: net::ERR_CONNECTION_REFUSED @ http://localhost:5173/@vite/client:1034
[ 1008992ms] [ERROR] WebSocket connection to 'ws://localhost:5173/' failed: Error in connection establishment: net::ERR_CONNECTION_REFUSED @ http://localhost:5173/@vite/client:1034
[ 1014556ms] [ERROR] WebSocket connection to 'ws://localhost:5173/' failed: Error in connection establishment: net::ERR_CONNECTION_REFUSED @ http://localhost:5173/@vite/client:1034
[ 1021535ms] [ERROR] WebSocket connection to 'ws://localhost:5173/' failed: Error in connection establishment: net::ERR_CONNECTION_REFUSED @ http://localhost:5173/@vite/client:1034
[ 1025947ms] [ERROR] WebSocket connection to 'ws://localhost:5173/' failed: Error in connection establishment: net::ERR_CONNECTION_REFUSED @ http://localhost:5173/@vite/client:1034
[ 1030746ms] [ERROR] WebSocket connection to 'ws://localhost:5173/' failed: Error in connection establishment: net::ERR_CONNECTION_REFUSED @ http://localhost:5173/@vite/client:1034
[ 1035376ms] [ERROR] WebSocket connection to 'ws://localhost:5173/' failed: Error in connection establishment: net::ERR_CONNECTION_REFUSED @ http://localhost:5173/@vite/client:1034
[ 1043054ms] [ERROR] WebSocket connection to 'ws://localhost:5173/' failed: Error in connection establishment: net::ERR_CONNECTION_REFUSED @ http://localhost:5173/@vite/client:1034
[ 1050332ms] [ERROR] WebSocket connection to 'ws://localhost:5173/' failed: Error in connection establishment: net::ERR_CONNECTION_REFUSED @ http://localhost:5173/@vite/client:1034
[ 1057411ms] [ERROR] WebSocket connection to 'ws://localhost:5173/' failed: Error in connection establishment: net::ERR_CONNECTION_REFUSED @ http://localhost:5173/@vite/client:1034
[ 1062975ms] [ERROR] WebSocket connection to 'ws://localhost:5173/' failed: Error in connection establishment: net::ERR_CONNECTION_REFUSED @ http://localhost:5173/@vite/client:1034
[ 1069020ms] [ERROR] WebSocket connection to 'ws://localhost:5173/' failed: Error in connection establishment: net::ERR_CONNECTION_REFUSED @ http://localhost:5173/@vite/client:1034
[ 1077194ms] [ERROR] WebSocket connection to 'ws://localhost:5173/' failed: Error in connection establishment: net::ERR_CONNECTION_REFUSED @ http://localhost:5173/@vite/client:1034
[ 1083326ms] [ERROR] WebSocket connection to 'ws://localhost:5173/' failed: Error in connection establishment: net::ERR_CONNECTION_REFUSED @ http://localhost:5173/@vite/client:1034
[ 1089353ms] [ERROR] WebSocket connection to 'ws://localhost:5173/' failed: Error in connection establishment: net::ERR_CONNECTION_REFUSED @ http://localhost:5173/@vite/client:1034
[ 1097268ms] [ERROR] WebSocket connection to 'ws://localhost:5173/' failed: Error in connection establishment: net::ERR_CONNECTION_REFUSED @ http://localhost:5173/@vite/client:1034
[ 1104294ms] [ERROR] WebSocket connection to 'ws://localhost:5173/' failed: Error in connection establishment: net::ERR_CONNECTION_REFUSED @ http://localhost:5173/@vite/client:1034
[ 1112191ms] [ERROR] WebSocket connection to 'ws://localhost:5173/' failed: Error in connection establishment: net::ERR_CONNECTION_REFUSED @ http://localhost:5173/@vite/client:1034
[ 1118703ms] [ERROR] WebSocket connection to 'ws://localhost:5173/' failed: Error in connection establishment: net::ERR_CONNECTION_REFUSED @ http://localhost:5173/@vite/client:1034
[ 1124250ms] [ERROR] WebSocket connection to 'ws://localhost:5173/' failed: Error in connection establishment: net::ERR_CONNECTION_REFUSED @ http://localhost:5173/@vite/client:1034
[ 1129197ms] [ERROR] WebSocket connection to 'ws://localhost:5173/' failed: Error in connection establishment: net::ERR_CONNECTION_REFUSED @ http://localhost:5173/@vite/client:1034
[ 1135776ms] [ERROR] WebSocket connection to 'ws://localhost:5173/' failed: Error in connection establishment: net::ERR_CONNECTION_REFUSED @ http://localhost:5173/@vite/client:1034
[ 1143437ms] [ERROR] WebSocket connection to 'ws://localhost:5173/' failed: Error in connection establishment: net::ERR_CONNECTION_REFUSED @ http://localhost:5173/@vite/client:1034
[ 1149933ms] [ERROR] WebSocket connection to 'ws://localhost:5173/' failed: Error in connection establishment: net::ERR_CONNECTION_REFUSED @ http://localhost:5173/@vite/client:1034
[ 1156613ms] [ERROR] WebSocket connection to 'ws://localhost:5173/' failed: Error in connection establishment: net::ERR_CONNECTION_REFUSED @ http://localhost:5173/@vite/client:1034
[ 1163641ms] [ERROR] WebSocket connection to 'ws://localhost:5173/' failed: Error in connection establishment: net::ERR_CONNECTION_REFUSED @ http://localhost:5173/@vite/client:1034
[ 1169966ms] [ERROR] WebSocket connection to 'ws://localhost:5173/' failed: Error in connection establishment: net::ERR_CONNECTION_REFUSED @ http://localhost:5173/@vite/client:1034
[ 1175148ms] [ERROR] WebSocket connection to 'ws://localhost:5173/' failed: Error in connection establishment: net::ERR_CONNECTION_REFUSED @ http://localhost:5173/@vite/client:1034
[ 1179979ms] [ERROR] WebSocket connection to 'ws://localhost:5173/' failed: Error in connection establishment: net::ERR_CONNECTION_REFUSED @ http://localhost:5173/@vite/client:1034
[ 1188141ms] [ERROR] WebSocket connection to 'ws://localhost:5173/' failed: Error in connection establishment: net::ERR_CONNECTION_REFUSED @ http://localhost:5173/@vite/client:1034
[ 1193854ms] [ERROR] WebSocket connection to 'ws://localhost:5173/' failed: Error in connection establishment: net::ERR_CONNECTION_REFUSED @ http://localhost:5173/@vite/client:1034
[ 1198283ms] [ERROR] WebSocket connection to 'ws://localhost:5173/' failed: Error in connection establishment: net::ERR_CONNECTION_REFUSED @ http://localhost:5173/@vite/client:1034
[ 1206495ms] [ERROR] WebSocket connection to 'ws://localhost:5173/' failed: Error in connection establishment: net::ERR_CONNECTION_REFUSED @ http://localhost:5173/@vite/client:1034
[ 1211525ms] [ERROR] WebSocket connection to 'ws://localhost:5173/' failed: Error in connection establishment: net::ERR_CONNECTION_REFUSED @ http://localhost:5173/@vite/client:1034
[ 1216537ms] [ERROR] WebSocket connection to 'ws://localhost:5173/' failed: Error in connection establishment: net::ERR_CONNECTION_REFUSED @ http://localhost:5173/@vite/client:1034
[ 1222150ms] [ERROR] WebSocket connection to 'ws://localhost:5173/' failed: Error in connection establishment: net::ERR_CONNECTION_REFUSED @ http://localhost:5173/@vite/client:1034
[ 1226581ms] [ERROR] WebSocket connection to 'ws://localhost:5173/' failed: Error in connection establishment: net::ERR_CONNECTION_REFUSED @ http://localhost:5173/@vite/client:1034
[ 1232628ms] [ERROR] WebSocket connection to 'ws://localhost:5173/' failed: Error in connection establishment: net::ERR_CONNECTION_REFUSED @ http://localhost:5173/@vite/client:1034
[ 1238423ms] [ERROR] WebSocket connection to 'ws://localhost:5173/' failed: Error in connection establishment: net::ERR_CONNECTION_REFUSED @ http://localhost:5173/@vite/client:1034
[ 1243920ms] [ERROR] WebSocket connection to 'ws://localhost:5173/' failed: Error in connection establishment: net::ERR_CONNECTION_REFUSED @ http://localhost:5173/@vite/client:1034
[ 1249462ms] [ERROR] WebSocket connection to 'ws://localhost:5173/' failed: Error in connection establishment: net::ERR_CONNECTION_REFUSED @ http://localhost:5173/@vite/client:1034
[ 1255230ms] [ERROR] WebSocket connection to 'ws://localhost:5173/' failed: Error in connection establishment: net::ERR_CONNECTION_REFUSED @ http://localhost:5173/@vite/client:1034
[ 1263124ms] [ERROR] WebSocket connection to 'ws://localhost:5173/' failed: Error in connection establishment: net::ERR_CONNECTION_REFUSED @ http://localhost:5173/@vite/client:1034
[ 1270937ms] [ERROR] WebSocket connection to 'ws://localhost:5173/' failed: Error in connection establishment: net::ERR_CONNECTION_REFUSED @ http://localhost:5173/@vite/client:1034
[ 1277898ms] [ERROR] WebSocket connection to 'ws://localhost:5173/' failed: Error in connection establishment: net::ERR_CONNECTION_REFUSED @ http://localhost:5173/@vite/client:1034
[ 1284792ms] [ERROR] WebSocket connection to 'ws://localhost:5173/' failed: Error in connection establishment: net::ERR_CONNECTION_REFUSED @ http://localhost:5173/@vite/client:1034
[ 1292889ms] [ERROR] WebSocket connection to 'ws://localhost:5173/' failed: Error in connection establishment: net::ERR_CONNECTION_REFUSED @ http://localhost:5173/@vite/client:1034
[ 1300966ms] [ERROR] WebSocket connection to 'ws://localhost:5173/' failed: Error in connection establishment: net::ERR_CONNECTION_REFUSED @ http://localhost:5173/@vite/client:1034
[ 1305994ms] [ERROR] WebSocket connection to 'ws://localhost:5173/' failed: Error in connection establishment: net::ERR_CONNECTION_REFUSED @ http://localhost:5173/@vite/client:1034
[ 1311377ms] [ERROR] WebSocket connection to 'ws://localhost:5173/' failed: Error in connection establishment: net::ERR_CONNECTION_REFUSED @ http://localhost:5173/@vite/client:1034
[ 1318821ms] [ERROR] WebSocket connection to 'ws://localhost:5173/' failed: Error in connection establishment: net::ERR_CONNECTION_REFUSED @ http://localhost:5173/@vite/client:1034
[ 1326399ms] [ERROR] WebSocket connection to 'ws://localhost:5173/' failed: Error in connection establishment: net::ERR_CONNECTION_REFUSED @ http://localhost:5173/@vite/client:1034
[ 1331114ms] [ERROR] WebSocket connection to 'ws://localhost:5173/' failed: Error in connection establishment: net::ERR_CONNECTION_REFUSED @ http://localhost:5173/@vite/client:1034
[ 1336888ms] [ERROR] WebSocket connection to 'ws://localhost:5173/' failed: Error in connection establishment: net::ERR_CONNECTION_REFUSED @ http://localhost:5173/@vite/client:1034
[ 1342738ms] [ERROR] WebSocket connection to 'ws://localhost:5173/' failed: Error in connection establishment: net::ERR_CONNECTION_REFUSED @ http://localhost:5173/@vite/client:1034
[ 1349284ms] [ERROR] WebSocket connection to 'ws://localhost:5173/' failed: Error in connection establishment: net::ERR_CONNECTION_REFUSED @ http://localhost:5173/@vite/client:1034
[ 1355829ms] [ERROR] WebSocket connection to 'ws://localhost:5173/' failed: Error in connection establishment: net::ERR_CONNECTION_REFUSED @ http://localhost:5173/@vite/client:1034
[ 1363806ms] [ERROR] WebSocket connection to 'ws://localhost:5173/' failed: Error in connection establishment: net::ERR_CONNECTION_REFUSED @ http://localhost:5173/@vite/client:1034
[ 1369120ms] [ERROR] WebSocket connection to 'ws://localhost:5173/' failed: Error in connection establishment: net::ERR_CONNECTION_REFUSED @ http://localhost:5173/@vite/client:1034
[ 1376783ms] [ERROR] WebSocket connection to 'ws://localhost:5173/' failed: Error in connection establishment: net::ERR_CONNECTION_REFUSED @ http://localhost:5173/@vite/client:1034
[ 1382910ms] [ERROR] WebSocket connection to 'ws://localhost:5173/' failed: Error in connection establishment: net::ERR_CONNECTION_REFUSED @ http://localhost:5173/@vite/client:1034
[ 1387391ms] [ERROR] WebSocket connection to 'ws://localhost:5173/' failed: Error in connection establishment: net::ERR_CONNECTION_REFUSED @ http://localhost:5173/@vite/client:1034
[ 1395436ms] [ERROR] WebSocket connection to 'ws://localhost:5173/' failed: Error in connection establishment: net::ERR_CONNECTION_REFUSED @ http://localhost:5173/@vite/client:1034
[ 1401065ms] [ERROR] WebSocket connection to 'ws://localhost:5173/' failed: Error in connection establishment: net::ERR_CONNECTION_REFUSED @ http://localhost:5173/@vite/client:1034
[ 1405665ms] [ERROR] WebSocket connection to 'ws://localhost:5173/' failed: Error in connection establishment: net::ERR_CONNECTION_REFUSED @ http://localhost:5173/@vite/client:1034
[ 1412225ms] [ERROR] WebSocket connection to 'ws://localhost:5173/' failed: Error in connection establishment: net::ERR_CONNECTION_REFUSED @ http://localhost:5173/@vite/client:1034
[ 1420073ms] [ERROR] WebSocket connection to 'ws://localhost:5173/' failed: Error in connection establishment: net::ERR_CONNECTION_REFUSED @ http://localhost:5173/@vite/client:1034
[ 1427232ms] [ERROR] WebSocket connection to 'ws://localhost:5173/' failed: Error in connection establishment: net::ERR_CONNECTION_REFUSED @ http://localhost:5173/@vite/client:1034
[ 1431882ms] [ERROR] WebSocket connection to 'ws://localhost:5173/' failed: Error in connection establishment: net::ERR_CONNECTION_REFUSED @ http://localhost:5173/@vite/client:1034
[ 1439130ms] [ERROR] WebSocket connection to 'ws://localhost:5173/' failed: Error in connection establishment: net::ERR_CONNECTION_REFUSED @ http://localhost:5173/@vite/client:1034
[ 1445914ms] [ERROR] WebSocket connection to 'ws://localhost:5173/' failed: Error in connection establishment: net::ERR_CONNECTION_REFUSED @ http://localhost:5173/@vite/client:1034
[ 1453383ms] [ERROR] WebSocket connection to 'ws://localhost:5173/' failed: Error in connection establishment: net::ERR_CONNECTION_REFUSED @ http://localhost:5173/@vite/client:1034
[ 1459367ms] [ERROR] WebSocket connection to 'ws://localhost:5173/' failed: Error in connection establishment: net::ERR_CONNECTION_REFUSED @ http://localhost:5173/@vite/client:1034
[ 1464181ms] [ERROR] WebSocket connection to 'ws://localhost:5173/' failed: Error in connection establishment: net::ERR_CONNECTION_REFUSED @ http://localhost:5173/@vite/client:1034
[ 1472371ms] [ERROR] WebSocket connection to 'ws://localhost:5173/' failed: Error in connection establishment: net::ERR_CONNECTION_REFUSED @ http://localhost:5173/@vite/client:1034
[ 1480552ms] [ERROR] WebSocket connection to 'ws://localhost:5173/' failed: Error in connection establishment: net::ERR_CONNECTION_REFUSED @ http://localhost:5173/@vite/client:1034
[ 1487210ms] [ERROR] WebSocket connection to 'ws://localhost:5173/' failed: Error in connection establishment: net::ERR_CONNECTION_REFUSED @ http://localhost:5173/@vite/client:1034
[ 1495050ms] [ERROR] WebSocket connection to 'ws://localhost:5173/' failed: Error in connection establishment: net::ERR_CONNECTION_REFUSED @ http://localhost:5173/@vite/client:1034
[ 1502702ms] [ERROR] WebSocket connection to 'ws://localhost:5173/' failed: Error in connection establishment: net::ERR_CONNECTION_REFUSED @ http://localhost:5173/@vite/client:1034
[ 1509861ms] [ERROR] WebSocket connection to 'ws://localhost:5173/' failed: Error in connection establishment: net::ERR_CONNECTION_REFUSED @ http://localhost:5173/@vite/client:1034
[ 1517579ms] [ERROR] WebSocket connection to 'ws://localhost:5173/' failed: Error in connection establishment: net::ERR_CONNECTION_REFUSED @ http://localhost:5173/@vite/client:1034
[ 1525205ms] [ERROR] WebSocket connection to 'ws://localhost:5173/' failed: Error in connection establishment: net::ERR_CONNECTION_REFUSED @ http://localhost:5173/@vite/client:1034
[ 1532549ms] [ERROR] WebSocket connection to 'ws://localhost:5173/' failed: Error in connection establishment: net::ERR_CONNECTION_REFUSED @ http://localhost:5173/@vite/client:1034
[ 1537278ms] [ERROR] WebSocket connection to 'ws://localhost:5173/' failed: Error in connection establishment: net::ERR_CONNECTION_REFUSED @ http://localhost:5173/@vite/client:1034
[ 1545374ms] [ERROR] WebSocket connection to 'ws://localhost:5173/' failed: Error in connection establishment: net::ERR_CONNECTION_REFUSED @ http://localhost:5173/@vite/client:1034
[ 1549756ms] [ERROR] WebSocket connection to 'ws://localhost:5173/' failed: Error in connection establishment: net::ERR_CONNECTION_REFUSED @ http://localhost:5173/@vite/client:1034
[ 1557524ms] [ERROR] WebSocket connection to 'ws://localhost:5173/' failed: Error in connection establishment: net::ERR_CONNECTION_REFUSED @ http://localhost:5173/@vite/client:1034
[ 1562132ms] [ERROR] WebSocket connection to 'ws://localhost:5173/' failed: Error in connection establishment: net::ERR_CONNECTION_REFUSED @ http://localhost:5173/@vite/client:1034
[ 1570456ms] [ERROR] WebSocket connection to 'ws://localhost:5173/' failed: Error in connection establishment: net::ERR_CONNECTION_REFUSED @ http://localhost:5173/@vite/client:1034
[ 1576707ms] [ERROR] WebSocket connection to 'ws://localhost:5173/' failed: Error in connection establishment: net::ERR_CONNECTION_REFUSED @ http://localhost:5173/@vite/client:1034
[ 1585019ms] [ERROR] WebSocket connection to 'ws://localhost:5173/' failed: Error in connection establishment: net::ERR_CONNECTION_REFUSED @ http://localhost:5173/@vite/client:1034
[ 1591901ms] [ERROR] WebSocket connection to 'ws://localhost:5173/' failed: Error in connection establishment: net::ERR_CONNECTION_REFUSED @ http://localhost:5173/@vite/client:1034
[ 1597427ms] [ERROR] WebSocket connection to 'ws://localhost:5173/' failed: Error in connection establishment: net::ERR_CONNECTION_REFUSED @ http://localhost:5173/@vite/client:1034
[ 1605339ms] [ERROR] WebSocket connection to 'ws://localhost:5173/' failed: Error in connection establishment: net::ERR_CONNECTION_REFUSED @ http://localhost:5173/@vite/client:1034
[ 1612666ms] [ERROR] WebSocket connection to 'ws://localhost:5173/' failed: Error in connection establishment: net::ERR_CONNECTION_REFUSED @ http://localhost:5173/@vite/client:1034
[ 1619227ms] [ERROR] WebSocket connection to 'ws://localhost:5173/' failed: Error in connection establishment: net::ERR_CONNECTION_REFUSED @ http://localhost:5173/@vite/client:1034
[ 1623998ms] [ERROR] WebSocket connection to 'ws://localhost:5173/' failed: Error in connection establishment: net::ERR_CONNECTION_REFUSED @ http://localhost:5173/@vite/client:1034
[ 1632320ms] [ERROR] WebSocket connection to 'ws://localhost:5173/' failed: Error in connection establishment: net::ERR_CONNECTION_REFUSED @ http://localhost:5173/@vite/client:1034
[ 1637850ms] [ERROR] WebSocket connection to 'ws://localhost:5173/' failed: Error in connection establishment: net::ERR_CONNECTION_REFUSED @ http://localhost:5173/@vite/client:1034
[ 1646168ms] [ERROR] WebSocket connection to 'ws://localhost:5173/' failed: Error in connection establishment: net::ERR_CONNECTION_REFUSED @ http://localhost:5173/@vite/client:1034
[ 1652351ms] [ERROR] WebSocket connection to 'ws://localhost:5173/' failed: Error in connection establishment: net::ERR_CONNECTION_REFUSED @ http://localhost:5173/@vite/client:1034
[ 1657846ms] [ERROR] WebSocket connection to 'ws://localhost:5173/' failed: Error in connection establishment: net::ERR_CONNECTION_REFUSED @ http://localhost:5173/@vite/client:1034
[ 1665076ms] [ERROR] WebSocket connection to 'ws://localhost:5173/' failed: Error in connection establishment: net::ERR_CONNECTION_REFUSED @ http://localhost:5173/@vite/client:1034
[ 1671506ms] [ERROR] WebSocket connection to 'ws://localhost:5173/' failed: Error in connection establishment: net::ERR_CONNECTION_REFUSED @ http://localhost:5173/@vite/client:1034
[ 1677442ms] [ERROR] WebSocket connection to 'ws://localhost:5173/' failed: Error in connection establishment: net::ERR_CONNECTION_REFUSED @ http://localhost:5173/@vite/client:1034
[ 1683976ms] [ERROR] WebSocket connection to 'ws://localhost:5173/' failed: Error in connection establishment: net::ERR_CONNECTION_REFUSED @ http://localhost:5173/@vite/client:1034
[ 1688926ms] [ERROR] WebSocket connection to 'ws://localhost:5173/' failed: Error in connection establishment: net::ERR_CONNECTION_REFUSED @ http://localhost:5173/@vite/client:1034
[ 1694622ms] [ERROR] WebSocket connection to 'ws://localhost:5173/' failed: Error in connection establishment: net::ERR_CONNECTION_REFUSED @ http://localhost:5173/@vite/client:1034
[ 1700429ms] [ERROR] WebSocket connection to 'ws://localhost:5173/' failed: Error in connection establishment: net::ERR_CONNECTION_REFUSED @ http://localhost:5173/@vite/client:1034
[ 1705635ms] [ERROR] WebSocket connection to 'ws://localhost:5173/' failed: Error in connection establishment: net::ERR_CONNECTION_REFUSED @ http://localhost:5173/@vite/client:1034
[ 1710400ms] [ERROR] WebSocket connection to 'ws://localhost:5173/' failed: Error in connection establishment: net::ERR_CONNECTION_REFUSED @ http://localhost:5173/@vite/client:1034
[ 1718496ms] [ERROR] WebSocket connection to 'ws://localhost:5173/' failed: Error in connection establishment: net::ERR_CONNECTION_REFUSED @ http://localhost:5173/@vite/client:1034
[ 1725266ms] [ERROR] WebSocket connection to 'ws://localhost:5173/' failed: Error in connection establishment: net::ERR_CONNECTION_REFUSED @ http://localhost:5173/@vite/client:1034
[ 1733188ms] [ERROR] WebSocket connection to 'ws://localhost:5173/' failed: Error in connection establishment: net::ERR_CONNECTION_REFUSED @ http://localhost:5173/@vite/client:1034
[ 1738789ms] [ERROR] WebSocket connection to 'ws://localhost:5173/' failed: Error in connection establishment: net::ERR_CONNECTION_REFUSED @ http://localhost:5173/@vite/client:1034
[ 1746610ms] [ERROR] WebSocket connection to 'ws://localhost:5173/' failed: Error in connection establishment: net::ERR_CONNECTION_REFUSED @ http://localhost:5173/@vite/client:1034
[ 1754634ms] [ERROR] WebSocket connection to 'ws://localhost:5173/' failed: Error in connection establishment: net::ERR_CONNECTION_REFUSED @ http://localhost:5173/@vite/client:1034
[ 1760194ms] [ERROR] WebSocket connection to 'ws://localhost:5173/' failed: Error in connection establishment: net::ERR_CONNECTION_REFUSED @ http://localhost:5173/@vite/client:1034
[ 1765774ms] [ERROR] WebSocket connection to 'ws://localhost:5173/' failed: Error in connection establishment: net::ERR_CONNECTION_REFUSED @ http://localhost:5173/@vite/client:1034
[ 1772027ms] [ERROR] WebSocket connection to 'ws://localhost:5173/' failed: Error in connection establishment: net::ERR_CONNECTION_REFUSED @ http://localhost:5173/@vite/client:1034
[ 1779754ms] [ERROR] WebSocket connection to 'ws://localhost:5173/' failed: Error in connection establishment: net::ERR_CONNECTION_REFUSED @ http://localhost:5173/@vite/client:1034
[ 1784786ms] [ERROR] WebSocket connection to 'ws://localhost:5173/' failed: Error in connection establishment: net::ERR_CONNECTION_REFUSED @ http://localhost:5173/@vite/client:1034
[ 1790532ms] [ERROR] WebSocket connection to 'ws://localhost:5173/' failed: Error in connection establishment: net::ERR_CONNECTION_REFUSED @ http://localhost:5173/@vite/client:1034
[ 1796541ms] [ERROR] WebSocket connection to 'ws://localhost:5173/' failed: Error in connection establishment: net::ERR_CONNECTION_REFUSED @ http://localhost:5173/@vite/client:1034
[ 1803379ms] [ERROR] WebSocket connection to 'ws://localhost:5173/' failed: Error in connection establishment: net::ERR_CONNECTION_REFUSED @ http://localhost:5173/@vite/client:1034
[ 1809204ms] [ERROR] WebSocket connection to 'ws://localhost:5173/' failed: Error in connection establishment: net::ERR_CONNECTION_REFUSED @ http://localhost:5173/@vite/client:1034
[ 1814176ms] [ERROR] WebSocket connection to 'ws://localhost:5173/' failed: Error in connection establishment: net::ERR_CONNECTION_REFUSED @ http://localhost:5173/@vite/client:1034
[ 1822477ms] [ERROR] WebSocket connection to 'ws://localhost:5173/' failed: Error in connection establishment: net::ERR_CONNECTION_REFUSED @ http://localhost:5173/@vite/client:1034
[ 1827702ms] [ERROR] WebSocket connection to 'ws://localhost:5173/' failed: Error in connection establishment: net::ERR_CONNECTION_REFUSED @ http://localhost:5173/@vite/client:1034
[ 1834361ms] [ERROR] WebSocket connection to 'ws://localhost:5173/' failed: Error in connection establishment: net::ERR_CONNECTION_REFUSED @ http://localhost:5173/@vite/client:1034
[ 1842389ms] [ERROR] WebSocket connection to 'ws://localhost:5173/' failed: Error in connection establishment: net::ERR_CONNECTION_REFUSED @ http://localhost:5173/@vite/client:1034
[ 1847656ms] [ERROR] WebSocket connection to 'ws://localhost:5173/' failed: Error in connection establishment: net::ERR_CONNECTION_REFUSED @ http://localhost:5173/@vite/client:1034
[ 1853268ms] [ERROR] WebSocket connection to 'ws://localhost:5173/' failed: Error in connection establishment: net::ERR_CONNECTION_REFUSED @ http://localhost:5173/@vite/client:1034
[ 1859698ms] [ERROR] WebSocket connection to 'ws://localhost:5173/' failed: Error in connection establishment: net::ERR_CONNECTION_REFUSED @ http://localhost:5173/@vite/client:1034
[ 1865349ms] [ERROR] WebSocket connection to 'ws://localhost:5173/' failed: Error in connection establishment: net::ERR_CONNECTION_REFUSED @ http://localhost:5173/@vite/client:1034
[ 1870119ms] [ERROR] WebSocket connection to 'ws://localhost:5173/' failed: Error in connection establishment: net::ERR_CONNECTION_REFUSED @ http://localhost:5173/@vite/client:1034
[ 1875606ms] [ERROR] WebSocket connection to 'ws://localhost:5173/' failed: Error in connection establishment: net::ERR_CONNECTION_REFUSED @ http://localhost:5173/@vite/client:1034
[ 1883157ms] [ERROR] WebSocket connection to 'ws://localhost:5173/' failed: Error in connection establishment: net::ERR_CONNECTION_REFUSED @ http://localhost:5173/@vite/client:1034
[ 1888750ms] [ERROR] WebSocket connection to 'ws://localhost:5173/' failed: Error in connection establishment: net::ERR_CONNECTION_REFUSED @ http://localhost:5173/@vite/client:1034
[ 1895534ms] [ERROR] WebSocket connection to 'ws://localhost:5173/' failed: Error in connection establishment: net::ERR_CONNECTION_REFUSED @ http://localhost:5173/@vite/client:1034
[ 1902903ms] [ERROR] WebSocket connection to 'ws://localhost:5173/' failed: Error in connection establishment: net::ERR_CONNECTION_REFUSED @ http://localhost:5173/@vite/client:1034
[ 1911087ms] [ERROR] WebSocket connection to 'ws://localhost:5173/' failed: Error in connection establishment: net::ERR_CONNECTION_REFUSED @ http://localhost:5173/@vite/client:1034
[ 1918857ms] [ERROR] WebSocket connection to 'ws://localhost:5173/' failed: Error in connection establishment: net::ERR_CONNECTION_REFUSED @ http://localhost:5173/@vite/client:1034
[ 1927064ms] [ERROR] WebSocket connection to 'ws://localhost:5173/' failed: Error in connection establishment: net::ERR_CONNECTION_REFUSED @ http://localhost:5173/@vite/client:1034
[ 1931803ms] [ERROR] WebSocket connection to 'ws://localhost:5173/' failed: Error in connection establishment: net::ERR_CONNECTION_REFUSED @ http://localhost:5173/@vite/client:1034
[ 1939292ms] [ERROR] WebSocket connection to 'ws://localhost:5173/' failed: Error in connection establishment: net::ERR_CONNECTION_REFUSED @ http://localhost:5173/@vite/client:1034
[ 1943701ms] [ERROR] WebSocket connection to 'ws://localhost:5173/' failed: Error in connection establishment: net::ERR_CONNECTION_REFUSED @ http://localhost:5173/@vite/client:1034
[ 1951734ms] [ERROR] WebSocket connection to 'ws://localhost:5173/' failed: Error in connection establishment: net::ERR_CONNECTION_REFUSED @ http://localhost:5173/@vite/client:1034
[ 1957070ms] [ERROR] WebSocket connection to 'ws://localhost:5173/' failed: Error in connection establishment: net::ERR_CONNECTION_REFUSED @ http://localhost:5173/@vite/client:1034
[ 1962871ms] [ERROR] WebSocket connection to 'ws://localhost:5173/' failed: Error in connection establishment: net::ERR_CONNECTION_REFUSED @ http://localhost:5173/@vite/client:1034
[ 1967976ms] [ERROR] WebSocket connection to 'ws://localhost:5173/' failed: Error in connection establishment: net::ERR_CONNECTION_REFUSED @ http://localhost:5173/@vite/client:1034
[ 1974723ms] [ERROR] WebSocket connection to 'ws://localhost:5173/' failed: Error in connection establishment: net::ERR_CONNECTION_REFUSED @ http://localhost:5173/@vite/client:1034
[ 1981090ms] [ERROR] WebSocket connection to 'ws://localhost:5173/' failed: Error in connection establishment: net::ERR_CONNECTION_REFUSED @ http://localhost:5173/@vite/client:1034
[ 1987339ms] [ERROR] WebSocket connection to 'ws://localhost:5173/' failed: Error in connection establishment: net::ERR_CONNECTION_REFUSED @ http://localhost:5173/@vite/client:1034
[ 1993684ms] [ERROR] WebSocket connection to 'ws://localhost:5173/' failed: Error in connection establishment: net::ERR_CONNECTION_REFUSED @ http://localhost:5173/@vite/client:1034
[ 1999677ms] [ERROR] WebSocket connection to 'ws://localhost:5173/' failed: Error in connection establishment: net::ERR_CONNECTION_REFUSED @ http://localhost:5173/@vite/client:1034
[ 2006612ms] [ERROR] WebSocket connection to 'ws://localhost:5173/' failed: Error in connection establishment: net::ERR_CONNECTION_REFUSED @ http://localhost:5173/@vite/client:1034
[ 2012642ms] [ERROR] WebSocket connection to 'ws://localhost:5173/' failed: Error in connection establishment: net::ERR_CONNECTION_REFUSED @ http://localhost:5173/@vite/client:1034
[ 2018171ms] [ERROR] WebSocket connection to 'ws://localhost:5173/' failed: Error in connection establishment: net::ERR_CONNECTION_REFUSED @ http://localhost:5173/@vite/client:1034
[ 2025459ms] [ERROR] WebSocket connection to 'ws://localhost:5173/' failed: Error in connection establishment: net::ERR_CONNECTION_REFUSED @ http://localhost:5173/@vite/client:1034
[ 2030033ms] [ERROR] WebSocket connection to 'ws://localhost:5173/' failed: Error in connection establishment: net::ERR_CONNECTION_REFUSED @ http://localhost:5173/@vite/client:1034
[ 2037268ms] [ERROR] WebSocket connection to 'ws://localhost:5173/' failed: Error in connection establishment: net::ERR_CONNECTION_REFUSED @ http://localhost:5173/@vite/client:1034
[ 2042745ms] [ERROR] WebSocket connection to 'ws://localhost:5173/' failed: Error in connection establishment: net::ERR_CONNECTION_REFUSED @ http://localhost:5173/@vite/client:1034
[ 2048760ms] [ERROR] WebSocket connection to 'ws://localhost:5173/' failed: Error in connection establishment: net::ERR_CONNECTION_REFUSED @ http://localhost:5173/@vite/client:1034
[ 2053715ms] [ERROR] WebSocket connection to 'ws://localhost:5173/' failed: Error in connection establishment: net::ERR_CONNECTION_REFUSED @ http://localhost:5173/@vite/client:1034
[ 2060027ms] [ERROR] WebSocket connection to 'ws://localhost:5173/' failed: Error in connection establishment: net::ERR_CONNECTION_REFUSED @ http://localhost:5173/@vite/client:1034
[ 2068189ms] [ERROR] WebSocket connection to 'ws://localhost:5173/' failed: Error in connection establishment: net::ERR_CONNECTION_REFUSED @ http://localhost:5173/@vite/client:1034
[ 2073620ms] [ERROR] WebSocket connection to 'ws://localhost:5173/' failed: Error in connection establishment: net::ERR_CONNECTION_REFUSED @ http://localhost:5173/@vite/client:1034
[ 2080192ms] [ERROR] WebSocket connection to 'ws://localhost:5173/' failed: Error in connection establishment: net::ERR_CONNECTION_REFUSED @ http://localhost:5173/@vite/client:1034
[ 2085670ms] [ERROR] WebSocket connection to 'ws://localhost:5173/' failed: Error in connection establishment: net::ERR_CONNECTION_REFUSED @ http://localhost:5173/@vite/client:1034
[ 2091850ms] [ERROR] WebSocket connection to 'ws://localhost:5173/' failed: Error in connection establishment: net::ERR_CONNECTION_REFUSED @ http://localhost:5173/@vite/client:1034
[ 2096612ms] [ERROR] WebSocket connection to 'ws://localhost:5173/' failed: Error in connection establishment: net::ERR_CONNECTION_REFUSED @ http://localhost:5173/@vite/client:1034
[ 2104309ms] [ERROR] WebSocket connection to 'ws://localhost:5173/' failed: Error in connection establishment: net::ERR_CONNECTION_REFUSED @ http://localhost:5173/@vite/client:1034
[ 2109177ms] [ERROR] WebSocket connection to 'ws://localhost:5173/' failed: Error in connection establishment: net::ERR_CONNECTION_REFUSED @ http://localhost:5173/@vite/client:1034
[ 2113685ms] [ERROR] WebSocket connection to 'ws://localhost:5173/' failed: Error in connection establishment: net::ERR_CONNECTION_REFUSED @ http://localhost:5173/@vite/client:1034
[ 2120702ms] [ERROR] WebSocket connection to 'ws://localhost:5173/' failed: Error in connection establishment: net::ERR_CONNECTION_REFUSED @ http://localhost:5173/@vite/client:1034
[ 2127060ms] [ERROR] WebSocket connection to 'ws://localhost:5173/' failed: Error in connection establishment: net::ERR_CONNECTION_REFUSED @ http://localhost:5173/@vite/client:1034
[ 2134935ms] [ERROR] WebSocket connection to 'ws://localhost:5173/' failed: Error in connection establishment: net::ERR_CONNECTION_REFUSED @ http://localhost:5173/@vite/client:1034
[ 2143236ms] [ERROR] WebSocket connection to 'ws://localhost:5173/' failed: Error in connection establishment: net::ERR_CONNECTION_REFUSED @ http://localhost:5173/@vite/client:1034
[ 2149426ms] [ERROR] WebSocket connection to 'ws://localhost:5173/' failed: Error in connection establishment: net::ERR_CONNECTION_REFUSED @ http://localhost:5173/@vite/client:1034
[ 2155113ms] [ERROR] WebSocket connection to 'ws://localhost:5173/' failed: Error in connection establishment: net::ERR_CONNECTION_REFUSED @ http://localhost:5173/@vite/client:1034
[ 2163180ms] [ERROR] WebSocket connection to 'ws://localhost:5173/' failed: Error in connection establishment: net::ERR_CONNECTION_REFUSED @ http://localhost:5173/@vite/client:1034
[ 2169356ms] [ERROR] WebSocket connection to 'ws://localhost:5173/' failed: Error in connection establishment: net::ERR_CONNECTION_REFUSED @ http://localhost:5173/@vite/client:1034
[ 2176518ms] [ERROR] WebSocket connection to 'ws://localhost:5173/' failed: Error in connection establishment: net::ERR_CONNECTION_REFUSED @ http://localhost:5173/@vite/client:1034
[ 2181935ms] [ERROR] WebSocket connection to 'ws://localhost:5173/' failed: Error in connection establishment: net::ERR_CONNECTION_REFUSED @ http://localhost:5173/@vite/client:1034
[ 2186546ms] [ERROR] WebSocket connection to 'ws://localhost:5173/' failed: Error in connection establishment: net::ERR_CONNECTION_REFUSED @ http://localhost:5173/@vite/client:1034
[ 2193935ms] [ERROR] WebSocket connection to 'ws://localhost:5173/' failed: Error in connection establishment: net::ERR_CONNECTION_REFUSED @ http://localhost:5173/@vite/client:1034
[ 2201505ms] [ERROR] WebSocket connection to 'ws://localhost:5173/' failed: Error in connection establishment: net::ERR_CONNECTION_REFUSED @ http://localhost:5173/@vite/client:1034
[ 2207269ms] [ERROR] WebSocket connection to 'ws://localhost:5173/' failed: Error in connection establishment: net::ERR_CONNECTION_REFUSED @ http://localhost:5173/@vite/client:1034
[ 2213456ms] [ERROR] WebSocket connection to 'ws://localhost:5173/' failed: Error in connection establishment: net::ERR_CONNECTION_REFUSED @ http://localhost:5173/@vite/client:1034
[ 2221390ms] [ERROR] WebSocket connection to 'ws://localhost:5173/' failed: Error in connection establishment: net::ERR_CONNECTION_REFUSED @ http://localhost:5173/@vite/client:1034
[ 2227073ms] [ERROR] WebSocket connection to 'ws://localhost:5173/' failed: Error in connection establishment: net::ERR_CONNECTION_REFUSED @ http://localhost:5173/@vite/client:1034
[ 2235335ms] [ERROR] WebSocket connection to 'ws://localhost:5173/' failed: Error in connection establishment: net::ERR_CONNECTION_REFUSED @ http://localhost:5173/@vite/client:1034
[ 2243023ms] [ERROR] WebSocket connection to 'ws://localhost:5173/' failed: Error in connection establishment: net::ERR_CONNECTION_REFUSED @ http://localhost:5173/@vite/client:1034
[ 2261732ms] [ERROR] WebSocket connection to 'ws://localhost:5173/' failed: Error in connection establishment: net::ERR_CONNECTION_REFUSED @ http://localhost:5173/@vite/client:1034
[ 2268595ms] [ERROR] WebSocket connection to 'ws://localhost:5173/' failed: Error in connection establishment: net::ERR_CONNECTION_REFUSED @ http://localhost:5173/@vite/client:1034
[ 2272993ms] [ERROR] WebSocket connection to 'ws://localhost:5173/' failed: Error in connection establishment: net::ERR_CONNECTION_REFUSED @ http://localhost:5173/@vite/client:1034
[ 2278539ms] [ERROR] WebSocket connection to 'ws://localhost:5173/' failed: Error in connection establishment: net::ERR_CONNECTION_REFUSED @ http://localhost:5173/@vite/client:1034
[ 2285594ms] [ERROR] WebSocket connection to 'ws://localhost:5173/' failed: Error in connection establishment: net::ERR_CONNECTION_REFUSED @ http://localhost:5173/@vite/client:1034
[ 2290326ms] [ERROR] WebSocket connection to 'ws://localhost:5173/' failed: Error in connection establishment: net::ERR_CONNECTION_REFUSED @ http://localhost:5173/@vite/client:1034
[ 2295903ms] [ERROR] WebSocket connection to 'ws://localhost:5173/' failed: Error in connection establishment: net::ERR_CONNECTION_REFUSED @ http://localhost:5173/@vite/client:1034
[ 2302137ms] [ERROR] WebSocket connection to 'ws://localhost:5173/' failed: Error in connection establishment: net::ERR_CONNECTION_REFUSED @ http://localhost:5173/@vite/client:1034
[ 2309402ms] [ERROR] WebSocket connection to 'ws://localhost:5173/' failed: Error in connection establishment: net::ERR_CONNECTION_REFUSED @ http://localhost:5173/@vite/client:1034
[ 2314004ms] [ERROR] WebSocket connection to 'ws://localhost:5173/' failed: Error in connection establishment: net::ERR_CONNECTION_REFUSED @ http://localhost:5173/@vite/client:1034
[ 2322109ms] [ERROR] WebSocket connection to 'ws://localhost:5173/' failed: Error in connection establishment: net::ERR_CONNECTION_REFUSED @ http://localhost:5173/@vite/client:1034
[ 2328232ms] [ERROR] WebSocket connection to 'ws://localhost:5173/' failed: Error in connection establishment: net::ERR_CONNECTION_REFUSED @ http://localhost:5173/@vite/client:1034
[ 2333059ms] [ERROR] WebSocket connection to 'ws://localhost:5173/' failed: Error in connection establishment: net::ERR_CONNECTION_REFUSED @ http://localhost:5173/@vite/client:1034
[ 2340487ms] [ERROR] WebSocket connection to 'ws://localhost:5173/' failed: Error in connection establishment: net::ERR_CONNECTION_REFUSED @ http://localhost:5173/@vite/client:1034
[ 2347593ms] [ERROR] WebSocket connection to 'ws://localhost:5173/' failed: Error in connection establishment: net::ERR_CONNECTION_REFUSED @ http://localhost:5173/@vite/client:1034
[ 2355404ms] [ERROR] WebSocket connection to 'ws://localhost:5173/' failed: Error in connection establishment: net::ERR_CONNECTION_REFUSED @ http://localhost:5173/@vite/client:1034
[ 2363239ms] [ERROR] WebSocket connection to 'ws://localhost:5173/' failed: Error in connection establishment: net::ERR_CONNECTION_REFUSED @ http://localhost:5173/@vite/client:1034
[ 2369372ms] [ERROR] WebSocket connection to 'ws://localhost:5173/' failed: Error in connection establishment: net::ERR_CONNECTION_REFUSED @ http://localhost:5173/@vite/client:1034
[ 2374152ms] [ERROR] WebSocket connection to 'ws://localhost:5173/' failed: Error in connection establishment: net::ERR_CONNECTION_REFUSED @ http://localhost:5173/@vite/client:1034
[ 2380905ms] [ERROR] WebSocket connection to 'ws://localhost:5173/' failed: Error in connection establishment: net::ERR_CONNECTION_REFUSED @ http://localhost:5173/@vite/client:1034
[ 2386866ms] [ERROR] WebSocket connection to 'ws://localhost:5173/' failed: Error in connection establishment: net::ERR_CONNECTION_REFUSED @ http://localhost:5173/@vite/client:1034
[ 2394406ms] [ERROR] WebSocket connection to 'ws://localhost:5173/' failed: Error in connection establishment: net::ERR_CONNECTION_REFUSED @ http://localhost:5173/@vite/client:1034
[ 2401285ms] [ERROR] WebSocket connection to 'ws://localhost:5173/' failed: Error in connection establishment: net::ERR_CONNECTION_REFUSED @ http://localhost:5173/@vite/client:1034
[ 2405837ms] [ERROR] WebSocket connection to 'ws://localhost:5173/' failed: Error in connection establishment: net::ERR_CONNECTION_REFUSED @ http://localhost:5173/@vite/client:1034
[ 2410484ms] [ERROR] WebSocket connection to 'ws://localhost:5173/' failed: Error in connection establishment: net::ERR_CONNECTION_REFUSED @ http://localhost:5173/@vite/client:1034
[ 2417676ms] [ERROR] WebSocket connection to 'ws://localhost:5173/' failed: Error in connection establishment: net::ERR_CONNECTION_REFUSED @ http://localhost:5173/@vite/client:1034
[ 2425695ms] [ERROR] WebSocket connection to 'ws://localhost:5173/' failed: Error in connection establishment: net::ERR_CONNECTION_REFUSED @ http://localhost:5173/@vite/client:1034
[ 2431445ms] [ERROR] WebSocket connection to 'ws://localhost:5173/' failed: Error in connection establishment: net::ERR_CONNECTION_REFUSED @ http://localhost:5173/@vite/client:1034
[ 2437925ms] [ERROR] WebSocket connection to 'ws://localhost:5173/' failed: Error in connection establishment: net::ERR_CONNECTION_REFUSED @ http://localhost:5173/@vite/client:1034
[ 2444344ms] [ERROR] WebSocket connection to 'ws://localhost:5173/' failed: Error in connection establishment: net::ERR_CONNECTION_REFUSED @ http://localhost:5173/@vite/client:1034
[ 2450823ms] [ERROR] WebSocket connection to 'ws://localhost:5173/' failed: Error in connection establishment: net::ERR_CONNECTION_REFUSED @ http://localhost:5173/@vite/client:1034
[ 2458598ms] [ERROR] WebSocket connection to 'ws://localhost:5173/' failed: Error in connection establishment: net::ERR_CONNECTION_REFUSED @ http://localhost:5173/@vite/client:1034
[ 2463998ms] [ERROR] WebSocket connection to 'ws://localhost:5173/' failed: Error in connection establishment: net::ERR_CONNECTION_REFUSED @ http://localhost:5173/@vite/client:1034
[ 2471393ms] [ERROR] WebSocket connection to 'ws://localhost:5173/' failed: Error in connection establishment: net::ERR_CONNECTION_REFUSED @ http://localhost:5173/@vite/client:1034
[ 2478301ms] [ERROR] WebSocket connection to 'ws://localhost:5173/' failed: Error in connection establishment: net::ERR_CONNECTION_REFUSED @ http://localhost:5173/@vite/client:1034
[ 2485600ms] [ERROR] WebSocket connection to 'ws://localhost:5173/' failed: Error in connection establishment: net::ERR_CONNECTION_REFUSED @ http://localhost:5173/@vite/client:1034
[ 2491605ms] [ERROR] WebSocket connection to 'ws://localhost:5173/' failed: Error in connection establishment: net::ERR_CONNECTION_REFUSED @ http://localhost:5173/@vite/client:1034
[ 2497094ms] [ERROR] WebSocket connection to 'ws://localhost:5173/' failed: Error in connection establishment: net::ERR_CONNECTION_REFUSED @ http://localhost:5173/@vite/client:1034
[ 2501712ms] [ERROR] WebSocket connection to 'ws://localhost:5173/' failed: Error in connection establishment: net::ERR_CONNECTION_REFUSED @ http://localhost:5173/@vite/client:1034
[ 2508736ms] [ERROR] WebSocket connection to 'ws://localhost:5173/' failed: Error in connection establishment: net::ERR_CONNECTION_REFUSED @ http://localhost:5173/@vite/client:1034
[ 2514115ms] [ERROR] WebSocket connection to 'ws://localhost:5173/' failed: Error in connection establishment: net::ERR_CONNECTION_REFUSED @ http://localhost:5173/@vite/client:1034
[ 2521909ms] [ERROR] WebSocket connection to 'ws://localhost:5173/' failed: Error in connection establishment: net::ERR_CONNECTION_REFUSED @ http://localhost:5173/@vite/client:1034
[ 2527523ms] [ERROR] WebSocket connection to 'ws://localhost:5173/' failed: Error in connection establishment: net::ERR_CONNECTION_REFUSED @ http://localhost:5173/@vite/client:1034
[ 2534997ms] [ERROR] WebSocket connection to 'ws://localhost:5173/' failed: Error in connection establishment: net::ERR_CONNECTION_REFUSED @ http://localhost:5173/@vite/client:1034
[ 2542013ms] [ERROR] WebSocket connection to 'ws://localhost:5173/' failed: Error in connection establishment: net::ERR_CONNECTION_REFUSED @ http://localhost:5173/@vite/client:1034
[ 2548575ms] [ERROR] WebSocket connection to 'ws://localhost:5173/' failed: Error in connection establishment: net::ERR_CONNECTION_REFUSED @ http://localhost:5173/@vite/client:1034
[ 2553606ms] [ERROR] WebSocket connection to 'ws://localhost:5173/' failed: Error in connection establishment: net::ERR_CONNECTION_REFUSED @ http://localhost:5173/@vite/client:1034
[ 2560668ms] [ERROR] WebSocket connection to 'ws://localhost:5173/' failed: Error in connection establishment: net::ERR_CONNECTION_REFUSED @ http://localhost:5173/@vite/client:1034
[ 2568780ms] [ERROR] WebSocket connection to 'ws://localhost:5173/' failed: Error in connection establishment: net::ERR_CONNECTION_REFUSED @ http://localhost:5173/@vite/client:1034
[ 2575563ms] [ERROR] WebSocket connection to 'ws://localhost:5173/' failed: Error in connection establishment: net::ERR_CONNECTION_REFUSED @ http://localhost:5173/@vite/client:1034
[ 2581004ms] [ERROR] WebSocket connection to 'ws://localhost:5173/' failed: Error in connection establishment: net::ERR_CONNECTION_REFUSED @ http://localhost:5173/@vite/client:1034
[ 2585403ms] [ERROR] WebSocket connection to 'ws://localhost:5173/' failed: Error in connection establishment: net::ERR_CONNECTION_REFUSED @ http://localhost:5173/@vite/client:1034
[ 2591764ms] [ERROR] WebSocket connection to 'ws://localhost:5173/' failed: Error in connection establishment: net::ERR_CONNECTION_REFUSED @ http://localhost:5173/@vite/client:1034
[ 2597579ms] [ERROR] WebSocket connection to 'ws://localhost:5173/' failed: Error in connection establishment: net::ERR_CONNECTION_REFUSED @ http://localhost:5173/@vite/client:1034
[ 2604493ms] [ERROR] WebSocket connection to 'ws://localhost:5173/' failed: Error in connection establishment: net::ERR_CONNECTION_REFUSED @ http://localhost:5173/@vite/client:1034
[ 2612014ms] [ERROR] WebSocket connection to 'ws://localhost:5173/' failed: Error in connection establishment: net::ERR_CONNECTION_REFUSED @ http://localhost:5173/@vite/client:1034
[ 2617179ms] [ERROR] WebSocket connection to 'ws://localhost:5173/' failed: Error in connection establishment: net::ERR_CONNECTION_REFUSED @ http://localhost:5173/@vite/client:1034
[ 2623381ms] [ERROR] WebSocket connection to 'ws://localhost:5173/' failed: Error in connection establishment: net::ERR_CONNECTION_REFUSED @ http://localhost:5173/@vite/client:1034
[ 2631570ms] [ERROR] WebSocket connection to 'ws://localhost:5173/' failed: Error in connection establishment: net::ERR_CONNECTION_REFUSED @ http://localhost:5173/@vite/client:1034
[ 2639029ms] [ERROR] WebSocket connection to 'ws://localhost:5173/' failed: Error in connection establishment: net::ERR_CONNECTION_REFUSED @ http://localhost:5173/@vite/client:1034
[ 2644011ms] [ERROR] WebSocket connection to 'ws://localhost:5173/' failed: Error in connection establishment: net::ERR_CONNECTION_REFUSED @ http://localhost:5173/@vite/client:1034
[ 2651508ms] [ERROR] WebSocket connection to 'ws://localhost:5173/' failed: Error in connection establishment: net::ERR_CONNECTION_REFUSED @ http://localhost:5173/@vite/client:1034
[ 2657054ms] [ERROR] WebSocket connection to 'ws://localhost:5173/' failed: Error in connection establishment: net::ERR_CONNECTION_REFUSED @ http://localhost:5173/@vite/client:1034
[ 2663333ms] [ERROR] WebSocket connection to 'ws://localhost:5173/' failed: Error in connection establishment: net::ERR_CONNECTION_REFUSED @ http://localhost:5173/@vite/client:1034
[ 2669263ms] [ERROR] WebSocket connection to 'ws://localhost:5173/' failed: Error in connection establishment: net::ERR_CONNECTION_REFUSED @ http://localhost:5173/@vite/client:1034
[ 2674175ms] [ERROR] WebSocket connection to 'ws://localhost:5173/' failed: Error in connection establishment: net::ERR_CONNECTION_REFUSED @ http://localhost:5173/@vite/client:1034
[ 2681872ms] [ERROR] WebSocket connection to 'ws://localhost:5173/' failed: Error in connection establishment: net::ERR_CONNECTION_REFUSED @ http://localhost:5173/@vite/client:1034
[ 2687133ms] [ERROR] WebSocket connection to 'ws://localhost:5173/' failed: Error in connection establishment: net::ERR_CONNECTION_REFUSED @ http://localhost:5173/@vite/client:1034
[ 2693672ms] [ERROR] WebSocket connection to 'ws://localhost:5173/' failed: Error in connection establishment: net::ERR_CONNECTION_REFUSED @ http://localhost:5173/@vite/client:1034
[ 2698337ms] [ERROR] WebSocket connection to 'ws://localhost:5173/' failed: Error in connection establishment: net::ERR_CONNECTION_REFUSED @ http://localhost:5173/@vite/client:1034
[ 2702824ms] [ERROR] WebSocket connection to 'ws://localhost:5173/' failed: Error in connection establishment: net::ERR_CONNECTION_REFUSED @ http://localhost:5173/@vite/client:1034
[ 2707555ms] [ERROR] WebSocket connection to 'ws://localhost:5173/' failed: Error in connection establishment: net::ERR_CONNECTION_REFUSED @ http://localhost:5173/@vite/client:1034
[ 2714849ms] [ERROR] WebSocket connection to 'ws://localhost:5173/' failed: Error in connection establishment: net::ERR_CONNECTION_REFUSED @ http://localhost:5173/@vite/client:1034
[ 2719828ms] [ERROR] WebSocket connection to 'ws://localhost:5173/' failed: Error in connection establishment: net::ERR_CONNECTION_REFUSED @ http://localhost:5173/@vite/client:1034
[ 2726392ms] [ERROR] WebSocket connection to 'ws://localhost:5173/' failed: Error in connection establishment: net::ERR_CONNECTION_REFUSED @ http://localhost:5173/@vite/client:1034
[ 2734323ms] [ERROR] WebSocket connection to 'ws://localhost:5173/' failed: Error in connection establishment: net::ERR_CONNECTION_REFUSED @ http://localhost:5173/@vite/client:1034
[ 2740583ms] [ERROR] WebSocket connection to 'ws://localhost:5173/' failed: Error in connection establishment: net::ERR_CONNECTION_REFUSED @ http://localhost:5173/@vite/client:1034
[ 2748687ms] [ERROR] WebSocket connection to 'ws://localhost:5173/' failed: Error in connection establishment: net::ERR_CONNECTION_REFUSED @ http://localhost:5173/@vite/client:1034
[ 2755139ms] [ERROR] WebSocket connection to 'ws://localhost:5173/' failed: Error in connection establishment: net::ERR_CONNECTION_REFUSED @ http://localhost:5173/@vite/client:1034
[ 2760351ms] [ERROR] WebSocket connection to 'ws://localhost:5173/' failed: Error in connection establishment: net::ERR_CONNECTION_REFUSED @ http://localhost:5173/@vite/client:1034
[ 2765931ms] [ERROR] WebSocket connection to 'ws://localhost:5173/' failed: Error in connection establishment: net::ERR_CONNECTION_REFUSED @ http://localhost:5173/@vite/client:1034
[ 2771045ms] [ERROR] WebSocket connection to 'ws://localhost:5173/' failed: Error in connection establishment: net::ERR_CONNECTION_REFUSED @ http://localhost:5173/@vite/client:1034
[ 2777256ms] [ERROR] WebSocket connection to 'ws://localhost:5173/' failed: Error in connection establishment: net::ERR_CONNECTION_REFUSED @ http://localhost:5173/@vite/client:1034
[ 2783835ms] [ERROR] WebSocket connection to 'ws://localhost:5173/' failed: Error in connection establishment: net::ERR_CONNECTION_REFUSED @ http://localhost:5173/@vite/client:1034
[ 2791048ms] [ERROR] WebSocket connection to 'ws://localhost:5173/' failed: Error in connection establishment: net::ERR_CONNECTION_REFUSED @ http://localhost:5173/@vite/client:1034
[ 2796343ms] [ERROR] WebSocket connection to 'ws://localhost:5173/' failed: Error in connection establishment: net::ERR_CONNECTION_REFUSED @ http://localhost:5173/@vite/client:1034
[ 2803024ms] [ERROR] WebSocket connection to 'ws://localhost:5173/' failed: Error in connection establishment: net::ERR_CONNECTION_REFUSED @ http://localhost:5173/@vite/client:1034
[ 2809403ms] [ERROR] WebSocket connection to 'ws://localhost:5173/' failed: Error in connection establishment: net::ERR_CONNECTION_REFUSED @ http://localhost:5173/@vite/client:1034
[ 2814681ms] [ERROR] WebSocket connection to 'ws://localhost:5173/' failed: Error in connection establishment: net::ERR_CONNECTION_REFUSED @ http://localhost:5173/@vite/client:1034
[ 2822594ms] [ERROR] WebSocket connection to 'ws://localhost:5173/' failed: Error in connection establishment: net::ERR_CONNECTION_REFUSED @ http://localhost:5173/@vite/client:1034
[ 2827824ms] [ERROR] WebSocket connection to 'ws://localhost:5173/' failed: Error in connection establishment: net::ERR_CONNECTION_REFUSED @ http://localhost:5173/@vite/client:1034
[ 2833539ms] [ERROR] WebSocket connection to 'ws://localhost:5173/' failed: Error in connection establishment: net::ERR_CONNECTION_REFUSED @ http://localhost:5173/@vite/client:1034
[ 2840083ms] [ERROR] WebSocket connection to 'ws://localhost:5173/' failed: Error in connection establishment: net::ERR_CONNECTION_REFUSED @ http://localhost:5173/@vite/client:1034
[ 2847960ms] [ERROR] WebSocket connection to 'ws://localhost:5173/' failed: Error in connection establishment: net::ERR_CONNECTION_REFUSED @ http://localhost:5173/@vite/client:1034
[ 2853572ms] [ERROR] WebSocket connection to 'ws://localhost:5173/' failed: Error in connection establishment: net::ERR_CONNECTION_REFUSED @ http://localhost:5173/@vite/client:1034
[ 2861517ms] [ERROR] WebSocket connection to 'ws://localhost:5173/' failed: Error in connection establishment: net::ERR_CONNECTION_REFUSED @ http://localhost:5173/@vite/client:1034
[ 2869696ms] [ERROR] WebSocket connection to 'ws://localhost:5173/' failed: Error in connection establishment: net::ERR_CONNECTION_REFUSED @ http://localhost:5173/@vite/client:1034
[ 2876424ms] [ERROR] WebSocket connection to 'ws://localhost:5173/' failed: Error in connection establishment: net::ERR_CONNECTION_REFUSED @ http://localhost:5173/@vite/client:1034
[ 2882941ms] [ERROR] WebSocket connection to 'ws://localhost:5173/' failed: Error in connection establishment: net::ERR_CONNECTION_REFUSED @ http://localhost:5173/@vite/client:1034
[ 2890747ms] [ERROR] WebSocket connection to 'ws://localhost:5173/' failed: Error in connection establishment: net::ERR_CONNECTION_REFUSED @ http://localhost:5173/@vite/client:1034
[ 2898476ms] [ERROR] WebSocket connection to 'ws://localhost:5173/' failed: Error in connection establishment: net::ERR_CONNECTION_REFUSED @ http://localhost:5173/@vite/client:1034
[ 2902992ms] [ERROR] WebSocket connection to 'ws://localhost:5173/' failed: Error in connection establishment: net::ERR_CONNECTION_REFUSED @ http://localhost:5173/@vite/client:1034
[ 2908688ms] [ERROR] WebSocket connection to 'ws://localhost:5173/' failed: Error in connection establishment: net::ERR_CONNECTION_REFUSED @ http://localhost:5173/@vite/client:1034
[ 2916614ms] [ERROR] WebSocket connection to 'ws://localhost:5173/' failed: Error in connection establishment: net::ERR_CONNECTION_REFUSED @ http://localhost:5173/@vite/client:1034
[ 2921711ms] [ERROR] WebSocket connection to 'ws://localhost:5173/' failed: Error in connection establishment: net::ERR_CONNECTION_REFUSED @ http://localhost:5173/@vite/client:1034
[ 2926758ms] [ERROR] WebSocket connection to 'ws://localhost:5173/' failed: Error in connection establishment: net::ERR_CONNECTION_REFUSED @ http://localhost:5173/@vite/client:1034
[ 2931123ms] [ERROR] WebSocket connection to 'ws://localhost:5173/' failed: Error in connection establishment: net::ERR_CONNECTION_REFUSED @ http://localhost:5173/@vite/client:1034
[ 2936464ms] [ERROR] WebSocket connection to 'ws://localhost:5173/' failed: Error in connection establishment: net::ERR_CONNECTION_REFUSED @ http://localhost:5173/@vite/client:1034
[ 2944029ms] [ERROR] WebSocket connection to 'ws://localhost:5173/' failed: Error in connection establishment: net::ERR_CONNECTION_REFUSED @ http://localhost:5173/@vite/client:1034
[ 2951225ms] [ERROR] WebSocket connection to 'ws://localhost:5173/' failed: Error in connection establishment: net::ERR_CONNECTION_REFUSED @ http://localhost:5173/@vite/client:1034
[ 2957453ms] [ERROR] WebSocket connection to 'ws://localhost:5173/' failed: Error in connection establishment: net::ERR_CONNECTION_REFUSED @ http://localhost:5173/@vite/client:1034
[ 2965382ms] [ERROR] WebSocket connection to 'ws://localhost:5173/' failed: Error in connection establishment: net::ERR_CONNECTION_REFUSED @ http://localhost:5173/@vite/client:1034
[ 2970732ms] [ERROR] WebSocket connection to 'ws://localhost:5173/' failed: Error in connection establishment: net::ERR_CONNECTION_REFUSED @ http://localhost:5173/@vite/client:1034
[ 2978307ms] [ERROR] WebSocket connection to 'ws://localhost:5173/' failed: Error in connection establishment: net::ERR_CONNECTION_REFUSED @ http://localhost:5173/@vite/client:1034
[ 2983952ms] [ERROR] WebSocket connection to 'ws://localhost:5173/' failed: Error in connection establishment: net::ERR_CONNECTION_REFUSED @ http://localhost:5173/@vite/client:1034
[ 2992298ms] [ERROR] WebSocket connection to 'ws://localhost:5173/' failed: Error in connection establishment: net::ERR_CONNECTION_REFUSED @ http://localhost:5173/@vite/client:1034
[ 3000592ms] [ERROR] WebSocket connection to 'ws://localhost:5173/' failed: Error in connection establishment: net::ERR_CONNECTION_REFUSED @ http://localhost:5173/@vite/client:1034
[ 3006805ms] [ERROR] WebSocket connection to 'ws://localhost:5173/' failed: Error in connection establishment: net::ERR_CONNECTION_REFUSED @ http://localhost:5173/@vite/client:1034
[ 3014300ms] [ERROR] WebSocket connection to 'ws://localhost:5173/' failed: Error in connection establishment: net::ERR_CONNECTION_REFUSED @ http://localhost:5173/@vite/client:1034
[ 3020380ms] [ERROR] WebSocket connection to 'ws://localhost:5173/' failed: Error in connection establishment: net::ERR_CONNECTION_REFUSED @ http://localhost:5173/@vite/client:1034
[ 3027507ms] [ERROR] WebSocket connection to 'ws://localhost:5173/' failed: Error in connection establishment: net::ERR_CONNECTION_REFUSED @ http://localhost:5173/@vite/client:1034
[ 3033353ms] [ERROR] WebSocket connection to 'ws://localhost:5173/' failed: Error in connection establishment: net::ERR_CONNECTION_REFUSED @ http://localhost:5173/@vite/client:1034
[ 3040565ms] [ERROR] WebSocket connection to 'ws://localhost:5173/' failed: Error in connection establishment: net::ERR_CONNECTION_REFUSED @ http://localhost:5173/@vite/client:1034
[ 3047461ms] [ERROR] WebSocket connection to 'ws://localhost:5173/' failed: Error in connection establishment: net::ERR_CONNECTION_REFUSED @ http://localhost:5173/@vite/client:1034
[ 3053356ms] [ERROR] WebSocket connection to 'ws://localhost:5173/' failed: Error in connection establishment: net::ERR_CONNECTION_REFUSED @ http://localhost:5173/@vite/client:1034
[ 3059982ms] [ERROR] WebSocket connection to 'ws://localhost:5173/' failed: Error in connection establishment: net::ERR_CONNECTION_REFUSED @ http://localhost:5173/@vite/client:1034
[ 3067413ms] [ERROR] WebSocket connection to 'ws://localhost:5173/' failed: Error in connection establishment: net::ERR_CONNECTION_REFUSED @ http://localhost:5173/@vite/client:1034
[ 3073309ms] [ERROR] WebSocket connection to 'ws://localhost:5173/' failed: Error in connection establishment: net::ERR_CONNECTION_REFUSED @ http://localhost:5173/@vite/client:1034
[ 3080621ms] [ERROR] WebSocket connection to 'ws://localhost:5173/' failed: Error in connection establishment: net::ERR_CONNECTION_REFUSED @ http://localhost:5173/@vite/client:1034
[ 3086417ms] [ERROR] WebSocket connection to 'ws://localhost:5173/' failed: Error in connection establishment: net::ERR_CONNECTION_REFUSED @ http://localhost:5173/@vite/client:1034
[ 3091479ms] [ERROR] WebSocket connection to 'ws://localhost:5173/' failed: Error in connection establishment: net::ERR_CONNECTION_REFUSED @ http://localhost:5173/@vite/client:1034
[ 3098510ms] [ERROR] WebSocket connection to 'ws://localhost:5173/' failed: Error in connection establishment: net::ERR_CONNECTION_REFUSED @ http://localhost:5173/@vite/client:1034
[ 3103107ms] [ERROR] WebSocket connection to 'ws://localhost:5173/' failed: Error in connection establishment: net::ERR_CONNECTION_REFUSED @ http://localhost:5173/@vite/client:1034
[ 3109385ms] [ERROR] WebSocket connection to 'ws://localhost:5173/' failed: Error in connection establishment: net::ERR_CONNECTION_REFUSED @ http://localhost:5173/@vite/client:1034
[ 3114999ms] [ERROR] WebSocket connection to 'ws://localhost:5173/' failed: Error in connection establishment: net::ERR_CONNECTION_REFUSED @ http://localhost:5173/@vite/client:1034
[ 3120279ms] [ERROR] WebSocket connection to 'ws://localhost:5173/' failed: Error in connection establishment: net::ERR_CONNECTION_REFUSED @ http://localhost:5173/@vite/client:1034
[ 3125576ms] [ERROR] WebSocket connection to 'ws://localhost:5173/' failed: Error in connection establishment: net::ERR_CONNECTION_REFUSED @ http://localhost:5173/@vite/client:1034
[ 3130004ms] [ERROR] WebSocket connection to 'ws://localhost:5173/' failed: Error in connection establishment: net::ERR_CONNECTION_REFUSED @ http://localhost:5173/@vite/client:1034
[ 3137151ms] [ERROR] WebSocket connection to 'ws://localhost:5173/' failed: Error in connection establishment: net::ERR_CONNECTION_REFUSED @ http://localhost:5173/@vite/client:1034
[ 3142280ms] [ERROR] WebSocket connection to 'ws://localhost:5173/' failed: Error in connection establishment: net::ERR_CONNECTION_REFUSED @ http://localhost:5173/@vite/client:1034
[ 3150425ms] [ERROR] WebSocket connection to 'ws://localhost:5173/' failed: Error in connection establishment: net::ERR_CONNECTION_REFUSED @ http://localhost:5173/@vite/client:1034
[ 3156071ms] [ERROR] WebSocket connection to 'ws://localhost:5173/' failed: Error in connection establishment: net::ERR_CONNECTION_REFUSED @ http://localhost:5173/@vite/client:1034
[ 3163349ms] [ERROR] WebSocket connection to 'ws://localhost:5173/' failed: Error in connection establishment: net::ERR_CONNECTION_REFUSED @ http://localhost:5173/@vite/client:1034
[ 3171247ms] [ERROR] WebSocket connection to 'ws://localhost:5173/' failed: Error in connection establishment: net::ERR_CONNECTION_REFUSED @ http://localhost:5173/@vite/client:1034
[ 3176024ms] [ERROR] WebSocket connection to 'ws://localhost:5173/' failed: Error in connection establishment: net::ERR_CONNECTION_REFUSED @ http://localhost:5173/@vite/client:1034
[ 3181471ms] [ERROR] WebSocket connection to 'ws://localhost:5173/' failed: Error in connection establishment: net::ERR_CONNECTION_REFUSED @ http://localhost:5173/@vite/client:1034
[ 3186651ms] [ERROR] WebSocket connection to 'ws://localhost:5173/' failed: Error in connection establishment: net::ERR_CONNECTION_REFUSED @ http://localhost:5173/@vite/client:1034
[ 3194529ms] [ERROR] WebSocket connection to 'ws://localhost:5173/' failed: Error in connection establishment: net::ERR_CONNECTION_REFUSED @ http://localhost:5173/@vite/client:1034
[ 3201275ms] [ERROR] WebSocket connection to 'ws://localhost:5173/' failed: Error in connection establishment: net::ERR_CONNECTION_REFUSED @ http://localhost:5173/@vite/client:1034
[ 3205855ms] [ERROR] WebSocket connection to 'ws://localhost:5173/' failed: Error in connection establishment: net::ERR_CONNECTION_REFUSED @ http://localhost:5173/@vite/client:1034
[ 3213301ms] [ERROR] WebSocket connection to 'ws://localhost:5173/' failed: Error in connection establishment: net::ERR_CONNECTION_REFUSED @ http://localhost:5173/@vite/client:1034
[ 3219098ms] [ERROR] WebSocket connection to 'ws://localhost:5173/' failed: Error in connection establishment: net::ERR_CONNECTION_REFUSED @ http://localhost:5173/@vite/client:1034
[ 3226692ms] [ERROR] WebSocket connection to 'ws://localhost:5173/' failed: Error in connection establishment: net::ERR_CONNECTION_REFUSED @ http://localhost:5173/@vite/client:1034
[ 3231671ms] [ERROR] WebSocket connection to 'ws://localhost:5173/' failed: Error in connection establishment: net::ERR_CONNECTION_REFUSED @ http://localhost:5173/@vite/client:1034
[ 3238901ms] [ERROR] WebSocket connection to 'ws://localhost:5173/' failed: Error in connection establishment: net::ERR_CONNECTION_REFUSED @ http://localhost:5173/@vite/client:1034
[ 3245114ms] [ERROR] WebSocket connection to 'ws://localhost:5173/' failed: Error in connection establishment: net::ERR_CONNECTION_REFUSED @ http://localhost:5173/@vite/client:1034
[ 3248460ms] [ERROR] WebSocket connection to 'ws://localhost:5173/' failed: Error in connection establishment: net::ERR_CONNECTION_REFUSED @ http://localhost:5173/@vite/client:1034
[ 3251843ms] [ERROR] WebSocket connection to 'ws://localhost:5173/' failed: Error in connection establishment: net::ERR_CONNECTION_REFUSED @ http://localhost:5173/@vite/client:1034
[ 3255205ms] [ERROR] WebSocket connection to 'ws://localhost:5173/' failed: Error in connection establishment: net::ERR_CONNECTION_REFUSED @ http://localhost:5173/@vite/client:1034
[ 3258570ms] [ERROR] WebSocket connection to 'ws://localhost:5173/' failed: Error in connection establishment: net::ERR_CONNECTION_REFUSED @ http://localhost:5173/@vite/client:1034
[ 3261934ms] [ERROR] WebSocket connection to 'ws://localhost:5173/' failed: Error in connection establishment: net::ERR_CONNECTION_REFUSED @ http://localhost:5173/@vite/client:1034
[ 3265283ms] [ERROR] WebSocket connection to 'ws://localhost:5173/' failed: Error in connection establishment: net::ERR_CONNECTION_REFUSED @ http://localhost:5173/@vite/client:1034
[ 3268680ms] [ERROR] WebSocket connection to 'ws://localhost:5173/' failed: Error in connection establishment: net::ERR_CONNECTION_REFUSED @ http://localhost:5173/@vite/client:1034
[ 3272044ms] [ERROR] WebSocket connection to 'ws://localhost:5173/' failed: Error in connection establishment: net::ERR_CONNECTION_REFUSED @ http://localhost:5173/@vite/client:1034
[ 3275426ms] [ERROR] WebSocket connection to 'ws://localhost:5173/' failed: Error in connection establishment: net::ERR_CONNECTION_REFUSED @ http://localhost:5173/@vite/client:1034
[ 3278825ms] [ERROR] WebSocket connection to 'ws://localhost:5173/' failed: Error in connection establishment: net::ERR_CONNECTION_REFUSED @ http://localhost:5173/@vite/client:1034
[ 3282288ms] [ERROR] WebSocket connection to 'ws://localhost:5173/' failed: Error in connection establishment: net::ERR_CONNECTION_REFUSED @ http://localhost:5173/@vite/client:1034
[ 3285703ms] [ERROR] WebSocket connection to 'ws://localhost:5173/' failed: Error in connection establishment: net::ERR_CONNECTION_REFUSED @ http://localhost:5173/@vite/client:1034
[ 3289384ms] [ERROR] WebSocket connection to 'ws://localhost:5173/' failed: Error in connection establishment: net::ERR_CONNECTION_REFUSED @ http://localhost:5173/@vite/client:1034
[ 3293297ms] [ERROR] WebSocket connection to 'ws://localhost:5173/' failed: Error in connection establishment: net::ERR_CONNECTION_REFUSED @ http://localhost:5173/@vite/client:1034
[ 3297546ms] [ERROR] WebSocket connection to 'ws://localhost:5173/' failed: Error in connection establishment: net::ERR_CONNECTION_REFUSED @ http://localhost:5173/@vite/client:1034
[ 3302890ms] [ERROR] WebSocket connection to 'ws://localhost:5173/' failed: Error in connection establishment: net::ERR_CONNECTION_REFUSED @ http://localhost:5173/@vite/client:1034
[ 3308703ms] [ERROR] WebSocket connection to 'ws://localhost:5173/' failed: Error in connection establishment: net::ERR_CONNECTION_REFUSED @ http://localhost:5173/@vite/client:1034
[ 3314768ms] [ERROR] WebSocket connection to 'ws://localhost:5173/' failed: Error in connection establishment: net::ERR_CONNECTION_REFUSED @ http://localhost:5173/@vite/client:1034
[ 3321595ms] [ERROR] WebSocket connection to 'ws://localhost:5173/' failed: Error in connection establishment: net::ERR_CONNECTION_REFUSED @ http://localhost:5173/@vite/client:1034
[ 3328108ms] [ERROR] WebSocket connection to 'ws://localhost:5173/' failed: Error in connection establishment: net::ERR_CONNECTION_REFUSED @ http://localhost:5173/@vite/client:1034
[ 3332588ms] [ERROR] WebSocket connection to 'ws://localhost:5173/' failed: Error in connection establishment: net::ERR_CONNECTION_REFUSED @ http://localhost:5173/@vite/client:1034
[ 3337950ms] [ERROR] WebSocket connection to 'ws://localhost:5173/' failed: Error in connection establishment: net::ERR_CONNECTION_REFUSED @ http://localhost:5173/@vite/client:1034
[ 3345860ms] [ERROR] WebSocket connection to 'ws://localhost:5173/' failed: Error in connection establishment: net::ERR_CONNECTION_REFUSED @ http://localhost:5173/@vite/client:1034
[ 3352523ms] [ERROR] WebSocket connection to 'ws://localhost:5173/' failed: Error in connection establishment: net::ERR_CONNECTION_REFUSED @ http://localhost:5173/@vite/client:1034
[ 3358969ms] [ERROR] WebSocket connection to 'ws://localhost:5173/' failed: Error in connection establishment: net::ERR_CONNECTION_REFUSED @ http://localhost:5173/@vite/client:1034
[ 3365631ms] [ERROR] WebSocket connection to 'ws://localhost:5173/' failed: Error in connection establishment: net::ERR_CONNECTION_REFUSED @ http://localhost:5173/@vite/client:1034
[ 3368979ms] [ERROR] WebSocket connection to 'ws://localhost:5173/' failed: Error in connection establishment: net::ERR_CONNECTION_REFUSED @ http://localhost:5173/@vite/client:1034
[ 3372311ms] [ERROR] WebSocket connection to 'ws://localhost:5173/' failed: Error in connection establishment: net::ERR_CONNECTION_REFUSED @ http://localhost:5173/@vite/client:1034
[ 3375658ms] [ERROR] WebSocket connection to 'ws://localhost:5173/' failed: Error in connection establishment: net::ERR_CONNECTION_REFUSED @ http://localhost:5173/@vite/client:1034
[ 3379025ms] [ERROR] WebSocket connection to 'ws://localhost:5173/' failed: Error in connection establishment: net::ERR_CONNECTION_REFUSED @ http://localhost:5173/@vite/client:1034
[ 3382406ms] [ERROR] WebSocket connection to 'ws://localhost:5173/' failed: Error in connection establishment: net::ERR_CONNECTION_REFUSED @ http://localhost:5173/@vite/client:1034
[ 3385784ms] [ERROR] WebSocket connection to 'ws://localhost:5173/' failed: Error in connection establishment: net::ERR_CONNECTION_REFUSED @ http://localhost:5173/@vite/client:1034
[ 3389151ms] [ERROR] WebSocket connection to 'ws://localhost:5173/' failed: Error in connection establishment: net::ERR_CONNECTION_REFUSED @ http://localhost:5173/@vite/client:1034
[ 3392532ms] [ERROR] WebSocket connection to 'ws://localhost:5173/' failed: Error in connection establishment: net::ERR_CONNECTION_REFUSED @ http://localhost:5173/@vite/client:1034
[ 3395894ms] [ERROR] WebSocket connection to 'ws://localhost:5173/' failed: Error in connection establishment: net::ERR_CONNECTION_REFUSED @ http://localhost:5173/@vite/client:1034
[ 3399275ms] [ERROR] WebSocket connection to 'ws://localhost:5173/' failed: Error in connection establishment: net::ERR_CONNECTION_REFUSED @ http://localhost:5173/@vite/client:1034
[ 3402640ms] [ERROR] WebSocket connection to 'ws://localhost:5173/' failed: Error in connection establishment: net::ERR_CONNECTION_REFUSED @ http://localhost:5173/@vite/client:1034
[ 3406040ms] [ERROR] WebSocket connection to 'ws://localhost:5173/' failed: Error in connection establishment: net::ERR_CONNECTION_REFUSED @ http://localhost:5173/@vite/client:1034
[ 3409583ms] [ERROR] WebSocket connection to 'ws://localhost:5173/' failed: Error in connection establishment: net::ERR_CONNECTION_REFUSED @ http://localhost:5173/@vite/client:1034
[ 3413250ms] [ERROR] WebSocket connection to 'ws://localhost:5173/' failed: Error in connection establishment: net::ERR_CONNECTION_REFUSED @ http://localhost:5173/@vite/client:1034
[ 3416880ms] [ERROR] WebSocket connection to 'ws://localhost:5173/' failed: Error in connection establishment: net::ERR_CONNECTION_REFUSED @ http://localhost:5173/@vite/client:1034
[ 3422576ms] [ERROR] WebSocket connection to 'ws://localhost:5173/' failed: Error in connection establishment: net::ERR_CONNECTION_REFUSED @ http://localhost:5173/@vite/client:1034
[ 3429039ms] [ERROR] WebSocket connection to 'ws://localhost:5173/' failed: Error in connection establishment: net::ERR_CONNECTION_REFUSED @ http://localhost:5173/@vite/client:1034
[ 3437036ms] [ERROR] WebSocket connection to 'ws://localhost:5173/' failed: Error in connection establishment: net::ERR_CONNECTION_REFUSED @ http://localhost:5173/@vite/client:1034
[ 3442048ms] [ERROR] WebSocket connection to 'ws://localhost:5173/' failed: Error in connection establishment: net::ERR_CONNECTION_REFUSED @ http://localhost:5173/@vite/client:1034
[ 3449726ms] [ERROR] WebSocket connection to 'ws://localhost:5173/' failed: Error in connection establishment: net::ERR_CONNECTION_REFUSED @ http://localhost:5173/@vite/client:1034
[ 3456653ms] [ERROR] WebSocket connection to 'ws://localhost:5173/' failed: Error in connection establishment: net::ERR_CONNECTION_REFUSED @ http://localhost:5173/@vite/client:1034
[ 3461287ms] [ERROR] WebSocket connection to 'ws://localhost:5173/' failed: Error in connection establishment: net::ERR_CONNECTION_REFUSED @ http://localhost:5173/@vite/client:1034
[ 3467663ms] [ERROR] WebSocket connection to 'ws://localhost:5173/' failed: Error in connection establishment: net::ERR_CONNECTION_REFUSED @ http://localhost:5173/@vite/client:1034
[ 3475824ms] [ERROR] WebSocket connection to 'ws://localhost:5173/' failed: Error in connection establishment: net::ERR_CONNECTION_REFUSED @ http://localhost:5173/@vite/client:1034
[ 3481987ms] [ERROR] WebSocket connection to 'ws://localhost:5173/' failed: Error in connection establishment: net::ERR_CONNECTION_REFUSED @ http://localhost:5173/@vite/client:1034
[ 3489680ms] [ERROR] WebSocket connection to 'ws://localhost:5173/' failed: Error in connection establishment: net::ERR_CONNECTION_REFUSED @ http://localhost:5173/@vite/client:1034
[ 3497364ms] [ERROR] WebSocket connection to 'ws://localhost:5173/' failed: Error in connection establishment: net::ERR_CONNECTION_REFUSED @ http://localhost:5173/@vite/client:1034
[ 3503860ms] [ERROR] WebSocket connection to 'ws://localhost:5173/' failed: Error in connection establishment: net::ERR_CONNECTION_REFUSED @ http://localhost:5173/@vite/client:1034
[ 3510704ms] [ERROR] WebSocket connection to 'ws://localhost:5173/' failed: Error in connection establishment: net::ERR_CONNECTION_REFUSED @ http://localhost:5173/@vite/client:1034
[ 3515684ms] [ERROR] WebSocket connection to 'ws://localhost:5173/' failed: Error in connection establishment: net::ERR_CONNECTION_REFUSED @ http://localhost:5173/@vite/client:1034
[ 3523193ms] [ERROR] WebSocket connection to 'ws://localhost:5173/' failed: Error in connection establishment: net::ERR_CONNECTION_REFUSED @ http://localhost:5173/@vite/client:1034
[ 3528839ms] [ERROR] WebSocket connection to 'ws://localhost:5173/' failed: Error in connection establishment: net::ERR_CONNECTION_REFUSED @ http://localhost:5173/@vite/client:1034
[ 3535413ms] [ERROR] WebSocket connection to 'ws://localhost:5173/' failed: Error in connection establishment: net::ERR_CONNECTION_REFUSED @ http://localhost:5173/@vite/client:1034
[ 3543232ms] [ERROR] WebSocket connection to 'ws://localhost:5173/' failed: Error in connection establishment: net::ERR_CONNECTION_REFUSED @ http://localhost:5173/@vite/client:1034
[ 3548992ms] [ERROR] WebSocket connection to 'ws://localhost:5173/' failed: Error in connection establishment: net::ERR_CONNECTION_REFUSED @ http://localhost:5173/@vite/client:1034
[ 3555522ms] [ERROR] WebSocket connection to 'ws://localhost:5173/' failed: Error in connection establishment: net::ERR_CONNECTION_REFUSED @ http://localhost:5173/@vite/client:1034
[ 3563280ms] [ERROR] WebSocket connection to 'ws://localhost:5173/' failed: Error in connection establishment: net::ERR_CONNECTION_REFUSED @ http://localhost:5173/@vite/client:1034
[ 3571577ms] [ERROR] WebSocket connection to 'ws://localhost:5173/' failed: Error in connection establishment: net::ERR_CONNECTION_REFUSED @ http://localhost:5173/@vite/client:1034
[ 3579803ms] [ERROR] WebSocket connection to 'ws://localhost:5173/' failed: Error in connection establishment: net::ERR_CONNECTION_REFUSED @ http://localhost:5173/@vite/client:1034
[ 3585820ms] [ERROR] WebSocket connection to 'ws://localhost:5173/' failed: Error in connection establishment: net::ERR_CONNECTION_REFUSED @ http://localhost:5173/@vite/client:1034
[ 3590765ms] [ERROR] WebSocket connection to 'ws://localhost:5173/' failed: Error in connection establishment: net::ERR_CONNECTION_REFUSED @ http://localhost:5173/@vite/client:1034
[ 3596994ms] [ERROR] WebSocket connection to 'ws://localhost:5173/' failed: Error in connection establishment: net::ERR_CONNECTION_REFUSED @ http://localhost:5173/@vite/client:1034
[ 3601543ms] [ERROR] WebSocket connection to 'ws://localhost:5173/' failed: Error in connection establishment: net::ERR_CONNECTION_REFUSED @ http://localhost:5173/@vite/client:1034
[ 3607880ms] [ERROR] WebSocket connection to 'ws://localhost:5173/' failed: Error in connection establishment: net::ERR_NETWORK_IO_SUSPENDED @ http://localhost:5173/@vite/client:1034
[ 4121270ms] [ERROR] WebSocket connection to 'ws://localhost:5173/' failed: Error in connection establishment: net::ERR_CONNECTION_REFUSED @ http://localhost:5173/@vite/client:1034
[ 4155664ms] [ERROR] WebSocket connection to 'ws://localhost:5173/' failed: Error in connection establishment: net::ERR_CONNECTION_REFUSED @ http://localhost:5173/@vite/client:1034
[ 4159013ms] [ERROR] WebSocket connection to 'ws://localhost:5173/' failed: Error in connection establishment: net::ERR_CONNECTION_REFUSED @ http://localhost:5173/@vite/client:1034
[ 4162378ms] [ERROR] WebSocket connection to 'ws://localhost:5173/' failed: Error in connection establishment: net::ERR_CONNECTION_REFUSED @ http://localhost:5173/@vite/client:1034
[ 4165757ms] [ERROR] WebSocket connection to 'ws://localhost:5173/' failed: Error in connection establishment: net::ERR_CONNECTION_REFUSED @ http://localhost:5173/@vite/client:1034
[ 4169124ms] [ERROR] WebSocket connection to 'ws://localhost:5173/' failed: Error in connection establishment: net::ERR_CONNECTION_REFUSED @ http://localhost:5173/@vite/client:1034
[ 4172486ms] [ERROR] WebSocket connection to 'ws://localhost:5173/' failed: Error in connection establishment: net::ERR_CONNECTION_REFUSED @ http://localhost:5173/@vite/client:1034
[ 4175858ms] [ERROR] WebSocket connection to 'ws://localhost:5173/' failed: Error in connection establishment: net::ERR_CONNECTION_REFUSED @ http://localhost:5173/@vite/client:1034
[ 4179217ms] [ERROR] WebSocket connection to 'ws://localhost:5173/' failed: Error in connection establishment: net::ERR_CONNECTION_REFUSED @ http://localhost:5173/@vite/client:1034
[ 4182615ms] [ERROR] WebSocket connection to 'ws://localhost:5173/' failed: Error in connection establishment: net::ERR_CONNECTION_REFUSED @ http://localhost:5173/@vite/client:1034
[ 4186044ms] [ERROR] WebSocket connection to 'ws://localhost:5173/' failed: Error in connection establishment: net::ERR_CONNECTION_REFUSED @ http://localhost:5173/@vite/client:1034
[ 4189443ms] [ERROR] WebSocket connection to 'ws://localhost:5173/' failed: Error in connection establishment: net::ERR_CONNECTION_REFUSED @ http://localhost:5173/@vite/client:1034
[ 4193106ms] [ERROR] WebSocket connection to 'ws://localhost:5173/' failed: Error in connection establishment: net::ERR_CONNECTION_REFUSED @ http://localhost:5173/@vite/client:1034
[ 4196708ms] [ERROR] WebSocket connection to 'ws://localhost:5173/' failed: Error in connection establishment: net::ERR_CONNECTION_REFUSED @ http://localhost:5173/@vite/client:1034
[ 4200503ms] [ERROR] WebSocket connection to 'ws://localhost:5173/' failed: Error in connection establishment: net::ERR_CONNECTION_REFUSED @ http://localhost:5173/@vite/client:1034
[ 4205164ms] [ERROR] WebSocket connection to 'ws://localhost:5173/' failed: Error in connection establishment: net::ERR_CONNECTION_REFUSED @ http://localhost:5173/@vite/client:1034
[ 4210397ms] [ERROR] WebSocket connection to 'ws://localhost:5173/' failed: Error in connection establishment: net::ERR_CONNECTION_REFUSED @ http://localhost:5173/@vite/client:1034
[ 4217773ms] [ERROR] WebSocket connection to 'ws://localhost:5173/' failed: Error in connection establishment: net::ERR_CONNECTION_REFUSED @ http://localhost:5173/@vite/client:1034
[ 4224018ms] [ERROR] WebSocket connection to 'ws://localhost:5173/' failed: Error in connection establishment: net::ERR_CONNECTION_REFUSED @ http://localhost:5173/@vite/client:1034
[ 4231815ms] [ERROR] WebSocket connection to 'ws://localhost:5173/' failed: Error in connection establishment: net::ERR_CONNECTION_REFUSED @ http://localhost:5173/@vite/client:1034
[ 4237162ms] [ERROR] WebSocket connection to 'ws://localhost:5173/' failed: Error in connection establishment: net::ERR_CONNECTION_REFUSED @ http://localhost:5173/@vite/client:1034
[ 4241890ms] [ERROR] WebSocket connection to 'ws://localhost:5173/' failed: Error in connection establishment: net::ERR_CONNECTION_REFUSED @ http://localhost:5173/@vite/client:1034
[ 4248220ms] [ERROR] WebSocket connection to 'ws://localhost:5173/' failed: Error in connection establishment: net::ERR_CONNECTION_REFUSED @ http://localhost:5173/@vite/client:1034
[ 4256031ms] [ERROR] WebSocket connection to 'ws://localhost:5173/' failed: Error in connection establishment: net::ERR_CONNECTION_REFUSED @ http://localhost:5173/@vite/client:1034
[ 4261895ms] [ERROR] WebSocket connection to 'ws://localhost:5173/' failed: Error in connection establishment: net::ERR_CONNECTION_REFUSED @ http://localhost:5173/@vite/client:1034
[ 4267387ms] [ERROR] WebSocket connection to 'ws://localhost:5173/' failed: Error in connection establishment: net::ERR_CONNECTION_REFUSED @ http://localhost:5173/@vite/client:1034
[ 4275473ms] [ERROR] WebSocket connection to 'ws://localhost:5173/' failed: Error in connection establishment: net::ERR_CONNECTION_REFUSED @ http://localhost:5173/@vite/client:1034
[ 4279931ms] [ERROR] WebSocket connection to 'ws://localhost:5173/' failed: Error in connection establishment: net::ERR_CONNECTION_REFUSED @ http://localhost:5173/@vite/client:1034
[ 4284797ms] [ERROR] WebSocket connection to 'ws://localhost:5173/' failed: Error in connection establishment: net::ERR_CONNECTION_REFUSED @ http://localhost:5173/@vite/client:1034
[ 4292723ms] [ERROR] WebSocket connection to 'ws://localhost:5173/' failed: Error in connection establishment: net::ERR_CONNECTION_REFUSED @ http://localhost:5173/@vite/client:1034
[ 4300651ms] [ERROR] WebSocket connection to 'ws://localhost:5173/' failed: Error in connection establishment: net::ERR_CONNECTION_REFUSED @ http://localhost:5173/@vite/client:1034
[ 4308431ms] [ERROR] WebSocket connection to 'ws://localhost:5173/' failed: Error in connection establishment: net::ERR_CONNECTION_REFUSED @ http://localhost:5173/@vite/client:1034
[ 4314742ms] [ERROR] WebSocket connection to 'ws://localhost:5173/' failed: Error in connection establishment: net::ERR_CONNECTION_REFUSED @ http://localhost:5173/@vite/client:1034
[ 4320477ms] [ERROR] WebSocket connection to 'ws://localhost:5173/' failed: Error in connection establishment: net::ERR_CONNECTION_REFUSED @ http://localhost:5173/@vite/client:1034
[ 4325585ms] [ERROR] WebSocket connection to 'ws://localhost:5173/' failed: Error in connection establishment: net::ERR_CONNECTION_REFUSED @ http://localhost:5173/@vite/client:1034
[ 4330224ms] [ERROR] WebSocket connection to 'ws://localhost:5173/' failed: Error in connection establishment: net::ERR_CONNECTION_REFUSED @ http://localhost:5173/@vite/client:1034
